➤ YN0000: ┌ Resolution step
➤ YN0002: │ @medusajs/framework@workspace:packages/core/framework doesn't provide zod (p2dbaf), requested by zod-validation-error
➤ YN0002: │ @medusajs/framework@workspace:packages/core/framework [6bbf6] doesn't provide zod (p3e993), requested by zod-validation-error
➤ YN0002: │ @medusajs/framework@workspace:packages/core/framework [70cbb] doesn't provide zod (pfadc2), requested by zod-validation-error
➤ YN0060: │ @medusajs/loyalty-plugin@workspace:packages/plugins/loyalty provides @swc/core (pf4986) with version 1.5.7, which doesn't satisfy what @medusajs/medusa requests
➤ YN0002: │ @medusajs/medusa-oas-cli@workspace:packages/cli/oas/medusa-oas-cli doesn't provide openapi-types (pc5852), requested by @readme/openapi-parser
➤ YN0060: │ @redocly/cli@npm:1.25.3 provides react (pfc391) with version 17.0.2, which doesn't satisfy what redoc and some of its descendants request
➤ YN0060: │ @redocly/cli@npm:1.25.3 provides react-dom (p5e2f7) with version 17.0.2, which doesn't satisfy what redoc and some of its descendants request
➤ YN0002: │ @storybook/addon-docs@npm:8.6.14 [c98d6] doesn't provide @types/react (p7a54b), requested by @mdx-js/react
➤ YN0002: │ @storybook/core@npm:8.6.14 [361b3] doesn't provide storybook (p3fe89), requested by @storybook/theming
➤ YN0002: │ @storybook/manager-api@npm:7.6.20 doesn't provide react (pd4e4a), requested by @storybook/theming
➤ YN0002: │ @storybook/manager-api@npm:7.6.20 doesn't provide react-dom (p7273d), requested by @storybook/theming
➤ YN0002: │ cssstyle@npm:5.3.4 doesn't provide postcss (pff159), requested by @csstools/css-syntax-patches-for-csstree
➤ YN0002: │ eslint-plugin-storybook@npm:10.1.9 [36a01] doesn't provide typescript (p614f1), requested by @typescript-eslint/utils
➤ YN0002: │ redoc@npm:2.1.5 [f3dc2] doesn't provide enzyme (paaa4c), requested by @cfaester/enzyme-adapter-react-18
➤ YN0060: │ root@workspace:. provides @typescript-eslint/eslint-plugin (p71831) with version 6.21.0, which doesn't satisfy what eslint-plugin-unused-imports requests
➤ YN0060: │ root@workspace:. provides rollup (pf5164) with version 4.53.4, which doesn't satisfy what @atomico/rollup-plugin-sizes requests
➤ YN0060: │ root@workspace:. provides rollup (pe4676) with version 4.53.4, which doesn't satisfy what rollup-plugin-esbuild requests
➤ YN0060: │ root@workspace:. provides storybook (p63938) with version 8.6.14, which doesn't satisfy what eslint-plugin-storybook requests
➤ YN0060: │ root@workspace:. provides vitest (p83e70) with version 3.2.4, which doesn't satisfy what @vitest/coverage-v8 requests
➤ YN0000: │ Some peer dependencies are incorrectly met; run yarn explain peer-requirements <hash> for details, where <hash> is the six-letter p-prefixed code
➤ YN0000: └ Completed in 0s 389ms
➤ YN0000: ┌ Fetch step
➤ YN0013: │ @ampproject/remapping@npm:2.3.0 can't be found in the cache and will be fetched from the remote registry
➤ YN0013: │ @antfu/utils@npm:0.7.10 can't be found in the cache and will be fetched from the remote registry
➤ YN0013: │ @emotion/use-insertion-effect-with-fallbacks@npm:1.2.0 can't be found in the cache and will be fetched from the remote registry
➤ YN0013: │ @esbuild/linux-x64@npm:0.25.12 can't be found in the cache and will be fetched from the remote registry
➤ YN0013: │ @joshwooding/vite-plugin-react-docgen-typescript@npm:0.5.0 can't be found in the cache and will be fetched from the remote registry
➤ YN0013: │ @antfu/utils@npm:0.7.10 can't be found in the cache and will be fetched from the remote registry
➤ YN0013: │ @emotion/use-insertion-effect-with-fallbacks@npm:1.2.0 can't be found in the cache and will be fetched from the remote registry
➤ YN0013: │ @esbuild/linux-x64@npm:0.25.12 can't be found in the cache and will be fetched from the remote registry
➤ YN0013: │ @joshwooding/vite-plugin-react-docgen-typescript@npm:0.5.0 can't be found in the cache and will be fetched from the remote registry
➤ YN0013: │ @juggle/resize-observer@npm:3.4.0 can't be found in the cache and will be fetched from the remote registry
➤ YN0013: │ @emotion/use-insertion-effect-with-fallbacks@npm:1.2.0 can't be found in the cache and will be fetched from the remote registry
➤ YN0013: │ @esbuild/linux-x64@npm:0.25.12 can't be found in the cache and will be fetched from the remote registry
➤ YN0013: │ @joshwooding/vite-plugin-react-docgen-typescript@npm:0.5.0 can't be found in the cache and will be fetched from the remote registry
➤ YN0013: │ @juggle/resize-observer@npm:3.4.0 can't be found in the cache and will be fetched from the remote registry
➤ YN0013: │ @mdx-js/react@npm:3.1.1 can't be found in the cache and will be fetched from the remote registry
➤ YN0013: │ @esbuild/linux-x64@npm:0.25.12 can't be found in the cache and will be fetched from the remote registry
➤ YN0013: │ @joshwooding/vite-plugin-react-docgen-typescript@npm:0.5.0 can't be found in the cache and will be fetched from the remote registry
➤ YN0013: │ @juggle/resize-observer@npm:3.4.0 can't be found in the cache and will be fetched from the remote registry
➤ YN0013: │ @mdx-js/react@npm:3.1.1 can't be found in the cache and will be fetched from the remote registry
➤ YN0013: │ @orama/orama@npm:3.1.18 can't be found in the cache and will be fetched from the remote registry
➤ YN0013: │ @joshwooding/vite-plugin-react-docgen-typescript@npm:0.5.0 can't be found in the cache and will be fetched from the remote registry
➤ YN0013: │ @juggle/resize-observer@npm:3.4.0 can't be found in the cache and will be fetched from the remote registry
➤ YN0013: │ @mdx-js/react@npm:3.1.1 can't be found in the cache and will be fetched from the remote registry
➤ YN0013: │ @orama/orama@npm:3.1.18 can't be found in the cache and will be fetched from the remote registry
➤ YN0013: │ @radix-ui/number@npm:1.0.1 can't be found in the cache and will be fetched from the remote registry
➤ YN0013: │ @juggle/resize-observer@npm:3.4.0 can't be found in the cache and will be fetched from the remote registry
➤ YN0013: │ @mdx-js/react@npm:3.1.1 can't be found in the cache and will be fetched from the remote registry
➤ YN0013: │ @orama/orama@npm:3.1.18 can't be found in the cache and will be fetched from the remote registry
➤ YN0013: │ @radix-ui/number@npm:1.0.1 can't be found in the cache and will be fetched from the remote registry
➤ YN0013: │ @radix-ui/primitive@npm:1.0.1 can't be found in the cache and will be fetched from the remote registry
➤ YN0013: │ @mdx-js/react@npm:3.1.1 can't be found in the cache and will be fetched from the remote registry
➤ YN0013: │ @orama/orama@npm:3.1.18 can't be found in the cache and will be fetched from the remote registry
➤ YN0013: │ @radix-ui/number@npm:1.0.1 can't be found in the cache and will be fetched from the remote registry
➤ YN0013: │ @radix-ui/primitive@npm:1.0.1 can't be found in the cache and will be fetched from the remote registry
➤ YN0013: │ @radix-ui/primitive@npm:1.1.3 can't be found in the cache and will be fetched from the remote registry
➤ YN0013: │ @orama/orama@npm:3.1.18 can't be found in the cache and will be fetched from the remote registry
➤ YN0013: │ @radix-ui/number@npm:1.0.1 can't be found in the cache and will be fetched from the remote registry
➤ YN0013: │ @radix-ui/primitive@npm:1.0.1 can't be found in the cache and will be fetched from the remote registry
➤ YN0013: │ @radix-ui/primitive@npm:1.1.3 can't be found in the cache and will be fetched from the remote registry
➤ YN0013: │ @radix-ui/react-arrow@npm:1.0.3 can't be found in the cache and will be fetched from the remote registry
➤ YN0013: │ @radix-ui/number@npm:1.0.1 can't be found in the cache and will be fetched from the remote registry
➤ YN0013: │ @radix-ui/primitive@npm:1.0.1 can't be found in the cache and will be fetched from the remote registry
➤ YN0013: │ @radix-ui/primitive@npm:1.1.3 can't be found in the cache and will be fetched from the remote registry
➤ YN0013: │ @radix-ui/react-arrow@npm:1.0.3 can't be found in the cache and will be fetched from the remote registry
➤ YN0013: │ @radix-ui/react-collection@npm:1.0.3 can't be found in the cache and will be fetched from the remote registry
➤ YN0013: │ @radix-ui/primitive@npm:1.0.1 can't be found in the cache and will be fetched from the remote registry
➤ YN0013: │ @radix-ui/primitive@npm:1.1.3 can't be found in the cache and will be fetched from the remote registry
➤ YN0013: │ @radix-ui/react-arrow@npm:1.0.3 can't be found in the cache and will be fetched from the remote registry
➤ YN0013: │ @radix-ui/react-collection@npm:1.0.3 can't be found in the cache and will be fetched from the remote registry
➤ YN0013: │ @radix-ui/react-collection@npm:1.1.7 can't be found in the cache and will be fetched from the remote registry
➤ YN0013: │ @radix-ui/primitive@npm:1.1.3 can't be found in the cache and will be fetched from the remote registry
➤ YN0013: │ @radix-ui/react-arrow@npm:1.0.3 can't be found in the cache and will be fetched from the remote registry
➤ YN0013: │ @radix-ui/react-collection@npm:1.0.3 can't be found in the cache and will be fetched from the remote registry
➤ YN0013: │ @radix-ui/react-collection@npm:1.1.7 can't be found in the cache and will be fetched from the remote registry
➤ YN0013: │ @radix-ui/react-compose-refs@npm:1.0.1 can't be found in the cache and will be fetched from the remote registry
➤ YN0013: │ @radix-ui/react-arrow@npm:1.0.3 can't be found in the cache and will be fetched from the remote registry
➤ YN0013: │ @radix-ui/react-collection@npm:1.0.3 can't be found in the cache and will be fetched from the remote registry
➤ YN0013: │ @radix-ui/react-collection@npm:1.1.7 can't be found in the cache and will be fetched from the remote registry
➤ YN0013: │ @radix-ui/react-compose-refs@npm:1.0.1 can't be found in the cache and will be fetched from the remote registry
➤ YN0013: │ @radix-ui/react-compose-refs@npm:1.1.2 can't be found in the cache and will be fetched from the remote registry
➤ YN0013: │ @radix-ui/react-collection@npm:1.0.3 can't be found in the cache and will be fetched from the remote registry
➤ YN0013: │ @radix-ui/react-collection@npm:1.1.7 can't be found in the cache and will be fetched from the remote registry
➤ YN0013: │ @radix-ui/react-compose-refs@npm:1.0.1 can't be found in the cache and will be fetched from the remote registry
➤ YN0013: │ @radix-ui/react-compose-refs@npm:1.1.2 can't be found in the cache and will be fetched from the remote registry
➤ YN0013: │ @radix-ui/react-context@npm:1.0.1 can't be found in the cache and will be fetched from the remote registry
➤ YN0013: │ @radix-ui/react-collection@npm:1.1.7 can't be found in the cache and will be fetched from the remote registry
➤ YN0013: │ @radix-ui/react-compose-refs@npm:1.0.1 can't be found in the cache and will be fetched from the remote registry
➤ YN0013: │ @radix-ui/react-compose-refs@npm:1.1.2 can't be found in the cache and will be fetched from the remote registry
➤ YN0013: │ @radix-ui/react-context@npm:1.0.1 can't be found in the cache and will be fetched from the remote registry
➤ YN0013: │ @radix-ui/react-context@npm:1.1.2 can't be found in the cache and will be fetched from the remote registry
➤ YN0013: │ @radix-ui/react-compose-refs@npm:1.0.1 can't be found in the cache and will be fetched from the remote registry
➤ YN0013: │ @radix-ui/react-compose-refs@npm:1.1.2 can't be found in the cache and will be fetched from the remote registry
➤ YN0013: │ @radix-ui/react-context@npm:1.0.1 can't be found in the cache and will be fetched from the remote registry
➤ YN0013: │ @radix-ui/react-context@npm:1.1.2 can't be found in the cache and will be fetched from the remote registry
➤ YN0013: │ @radix-ui/react-direction@npm:1.0.1 can't be found in the cache and will be fetched from the remote registry
➤ YN0013: │ @radix-ui/react-compose-refs@npm:1.1.2 can't be found in the cache and will be fetched from the remote registry
➤ YN0013: │ @radix-ui/react-context@npm:1.0.1 can't be found in the cache and will be fetched from the remote registry
➤ YN0013: │ @radix-ui/react-context@npm:1.1.2 can't be found in the cache and will be fetched from the remote registry
➤ YN0013: │ @radix-ui/react-direction@npm:1.0.1 can't be found in the cache and will be fetched from the remote registry
➤ YN0013: │ @radix-ui/react-direction@npm:1.1.1 can't be found in the cache and will be fetched from the remote registry
➤ YN0013: │ @radix-ui/react-context@npm:1.0.1 can't be found in the cache and will be fetched from the remote registry
➤ YN0013: │ @radix-ui/react-context@npm:1.1.2 can't be found in the cache and will be fetched from the remote registry
➤ YN0013: │ @radix-ui/react-direction@npm:1.0.1 can't be found in the cache and will be fetched from the remote registry
➤ YN0013: │ @radix-ui/react-direction@npm:1.1.1 can't be found in the cache and will be fetched from the remote registry
➤ YN0013: │ @radix-ui/react-dismissable-layer@npm:1.0.4 can't be found in the cache and will be fetched from the remote registry
➤ YN0013: │ @radix-ui/react-context@npm:1.1.2 can't be found in the cache and will be fetched from the remote registry
➤ YN0013: │ @radix-ui/react-direction@npm:1.0.1 can't be found in the cache and will be fetched from the remote registry
➤ YN0013: │ @radix-ui/react-direction@npm:1.1.1 can't be found in the cache and will be fetched from the remote registry
➤ YN0013: │ @radix-ui/react-dismissable-layer@npm:1.0.4 can't be found in the cache and will be fetched from the remote registry
➤ YN0013: │ @radix-ui/react-focus-guards@npm:1.0.1 can't be found in the cache and will be fetched from the remote registry
➤ YN0013: │ @radix-ui/react-direction@npm:1.0.1 can't be found in the cache and will be fetched from the remote registry
➤ YN0013: │ @radix-ui/react-direction@npm:1.1.1 can't be found in the cache and will be fetched from the remote registry
➤ YN0013: │ @radix-ui/react-dismissable-layer@npm:1.0.4 can't be found in the cache and will be fetched from the remote registry
➤ YN0013: │ @radix-ui/react-focus-guards@npm:1.0.1 can't be found in the cache and will be fetched from the remote registry
➤ YN0013: │ @radix-ui/react-focus-scope@npm:1.0.3 can't be found in the cache and will be fetched from the remote registry
➤ YN0013: │ @radix-ui/react-direction@npm:1.1.1 can't be found in the cache and will be fetched from the remote registry
➤ YN0013: │ @radix-ui/react-dismissable-layer@npm:1.0.4 can't be found in the cache and will be fetched from the remote registry
➤ YN0013: │ @radix-ui/react-focus-guards@npm:1.0.1 can't be found in the cache and will be fetched from the remote registry
➤ YN0013: │ @radix-ui/react-focus-scope@npm:1.0.3 can't be found in the cache and will be fetched from the remote registry
➤ YN0013: │ @radix-ui/react-id@npm:1.0.1 can't be found in the cache and will be fetched from the remote registry
➤ YN0013: │ @radix-ui/react-dismissable-layer@npm:1.0.4 can't be found in the cache and will be fetched from the remote registry
➤ YN0013: │ @radix-ui/react-focus-guards@npm:1.0.1 can't be found in the cache and will be fetched from the remote registry
➤ YN0013: │ @radix-ui/react-focus-scope@npm:1.0.3 can't be found in the cache and will be fetched from the remote registry
➤ YN0013: │ @radix-ui/react-id@npm:1.0.1 can't be found in the cache and will be fetched from the remote registry
➤ YN0013: │ @radix-ui/react-id@npm:1.1.1 can't be found in the cache and will be fetched from the remote registry
➤ YN0013: │ @radix-ui/react-focus-guards@npm:1.0.1 can't be found in the cache and will be fetched from the remote registry
➤ YN0013: │ @radix-ui/react-focus-scope@npm:1.0.3 can't be found in the cache and will be fetched from the remote registry
➤ YN0013: │ @radix-ui/react-id@npm:1.0.1 can't be found in the cache and will be fetched from the remote registry
➤ YN0013: │ @radix-ui/react-id@npm:1.1.1 can't be found in the cache and will be fetched from the remote registry
➤ YN0013: │ @radix-ui/react-popper@npm:1.1.2 can't be found in the cache and will be fetched from the remote registry
➤ YN0013: │ @radix-ui/react-focus-scope@npm:1.0.3 can't be found in the cache and will be fetched from the remote registry
➤ YN0013: │ @radix-ui/react-id@npm:1.0.1 can't be found in the cache and will be fetched from the remote registry
➤ YN0013: │ @radix-ui/react-id@npm:1.1.1 can't be found in the cache and will be fetched from the remote registry
➤ YN0013: │ @radix-ui/react-popper@npm:1.1.2 can't be found in the cache and will be fetched from the remote registry
➤ YN0013: │ @radix-ui/react-portal@npm:1.0.3 can't be found in the cache and will be fetched from the remote registry
➤ YN0013: │ @radix-ui/react-id@npm:1.0.1 can't be found in the cache and will be fetched from the remote registry
➤ YN0013: │ @radix-ui/react-id@npm:1.1.1 can't be found in the cache and will be fetched from the remote registry
➤ YN0013: │ @radix-ui/react-popper@npm:1.1.2 can't be found in the cache and will be fetched from the remote registry
➤ YN0013: │ @radix-ui/react-portal@npm:1.0.3 can't be found in the cache and will be fetched from the remote registry
➤ YN0013: │ @radix-ui/react-primitive@npm:1.0.3 can't be found in the cache and will be fetched from the remote registry
➤ YN0013: │ @radix-ui/react-id@npm:1.1.1 can't be found in the cache and will be fetched from the remote registry
➤ YN0013: │ @radix-ui/react-popper@npm:1.1.2 can't be found in the cache and will be fetched from the remote registry
➤ YN0013: │ @radix-ui/react-portal@npm:1.0.3 can't be found in the cache and will be fetched from the remote registry
➤ YN0013: │ @radix-ui/react-primitive@npm:1.0.3 can't be found in the cache and will be fetched from the remote registry
➤ YN0013: │ @radix-ui/react-primitive@npm:2.1.3 can't be found in the cache and will be fetched from the remote registry
➤ YN0013: │ @radix-ui/react-popper@npm:1.1.2 can't be found in the cache and will be fetched from the remote registry
➤ YN0013: │ @radix-ui/react-portal@npm:1.0.3 can't be found in the cache and will be fetched from the remote registry
➤ YN0013: │ @radix-ui/react-primitive@npm:1.0.3 can't be found in the cache and will be fetched from the remote registry
➤ YN0013: │ @radix-ui/react-primitive@npm:2.1.3 can't be found in the cache and will be fetched from the remote registry
➤ YN0013: │ @radix-ui/react-roving-focus@npm:1.1.11 can't be found in the cache and will be fetched from the remote registry
➤ YN0013: │ @radix-ui/react-portal@npm:1.0.3 can't be found in the cache and will be fetched from the remote registry
➤ YN0013: │ @radix-ui/react-primitive@npm:1.0.3 can't be found in the cache and will be fetched from the remote registry
➤ YN0013: │ @radix-ui/react-primitive@npm:2.1.3 can't be found in the cache and will be fetched from the remote registry
➤ YN0013: │ @radix-ui/react-roving-focus@npm:1.1.11 can't be found in the cache and will be fetched from the remote registry
➤ YN0013: │ @radix-ui/react-select@npm:1.2.2 can't be found in the cache and will be fetched from the remote registry
➤ YN0013: │ @radix-ui/react-primitive@npm:1.0.3 can't be found in the cache and will be fetched from the remote registry
➤ YN0013: │ @radix-ui/react-primitive@npm:2.1.3 can't be found in the cache and will be fetched from the remote registry
➤ YN0013: │ @radix-ui/react-roving-focus@npm:1.1.11 can't be found in the cache and will be fetched from the remote registry
➤ YN0013: │ @radix-ui/react-select@npm:1.2.2 can't be found in the cache and will be fetched from the remote registry
➤ YN0013: │ @radix-ui/react-separator@npm:1.1.7 can't be found in the cache and will be fetched from the remote registry
➤ YN0013: │ @radix-ui/react-primitive@npm:2.1.3 can't be found in the cache and will be fetched from the remote registry
➤ YN0013: │ @radix-ui/react-roving-focus@npm:1.1.11 can't be found in the cache and will be fetched from the remote registry
➤ YN0013: │ @radix-ui/react-select@npm:1.2.2 can't be found in the cache and will be fetched from the remote registry
➤ YN0013: │ @radix-ui/react-separator@npm:1.1.7 can't be found in the cache and will be fetched from the remote registry
➤ YN0013: │ @radix-ui/react-slot@npm:1.0.2 can't be found in the cache and will be fetched from the remote registry
➤ YN0013: │ @radix-ui/react-roving-focus@npm:1.1.11 can't be found in the cache and will be fetched from the remote registry
➤ YN0013: │ @radix-ui/react-select@npm:1.2.2 can't be found in the cache and will be fetched from the remote registry
➤ YN0013: │ @radix-ui/react-separator@npm:1.1.7 can't be found in the cache and will be fetched from the remote registry
➤ YN0013: │ @radix-ui/react-slot@npm:1.0.2 can't be found in the cache and will be fetched from the remote registry
➤ YN0013: │ @radix-ui/react-slot@npm:1.2.3 can't be found in the cache and will be fetched from the remote registry
➤ YN0013: │ @radix-ui/react-select@npm:1.2.2 can't be found in the cache and will be fetched from the remote registry
➤ YN0013: │ @radix-ui/react-separator@npm:1.1.7 can't be found in the cache and will be fetched from the remote registry
➤ YN0013: │ @radix-ui/react-slot@npm:1.0.2 can't be found in the cache and will be fetched from the remote registry
➤ YN0013: │ @radix-ui/react-slot@npm:1.2.3 can't be found in the cache and will be fetched from the remote registry
➤ YN0013: │ @radix-ui/react-toggle-group@npm:1.1.11 can't be found in the cache and will be fetched from the remote registry
➤ YN0013: │ @radix-ui/react-separator@npm:1.1.7 can't be found in the cache and will be fetched from the remote registry
➤ YN0013: │ @radix-ui/react-slot@npm:1.0.2 can't be found in the cache and will be fetched from the remote registry
➤ YN0013: │ @radix-ui/react-slot@npm:1.2.3 can't be found in the cache and will be fetched from the remote registry
➤ YN0013: │ @radix-ui/react-toggle-group@npm:1.1.11 can't be found in the cache and will be fetched from the remote registry
➤ YN0013: │ @radix-ui/react-toggle@npm:1.1.10 can't be found in the cache and will be fetched from the remote registry
➤ YN0013: │ @radix-ui/react-slot@npm:1.0.2 can't be found in the cache and will be fetched from the remote registry
➤ YN0013: │ @radix-ui/react-slot@npm:1.2.3 can't be found in the cache and will be fetched from the remote registry
➤ YN0013: │ @radix-ui/react-toggle-group@npm:1.1.11 can't be found in the cache and will be fetched from the remote registry
➤ YN0013: │ @radix-ui/react-toggle@npm:1.1.10 can't be found in the cache and will be fetched from the remote registry
➤ YN0013: │ @radix-ui/react-toolbar@npm:1.1.11 can't be found in the cache and will be fetched from the remote registry
➤ YN0013: │ @radix-ui/react-slot@npm:1.2.3 can't be found in the cache and will be fetched from the remote registry
➤ YN0013: │ @radix-ui/react-toggle-group@npm:1.1.11 can't be found in the cache and will be fetched from the remote registry
➤ YN0013: │ @radix-ui/react-toggle@npm:1.1.10 can't be found in the cache and will be fetched from the remote registry
➤ YN0013: │ @radix-ui/react-toolbar@npm:1.1.11 can't be found in the cache and will be fetched from the remote registry
➤ YN0013: │ @radix-ui/react-use-callback-ref@npm:1.0.1 can't be found in the cache and will be fetched from the remote registry
➤ YN0013: │ @radix-ui/react-toggle-group@npm:1.1.11 can't be found in the cache and will be fetched from the remote registry
➤ YN0013: │ @radix-ui/react-toggle@npm:1.1.10 can't be found in the cache and will be fetched from the remote registry
➤ YN0013: │ @radix-ui/react-toolbar@npm:1.1.11 can't be found in the cache and will be fetched from the remote registry
➤ YN0013: │ @radix-ui/react-use-callback-ref@npm:1.0.1 can't be found in the cache and will be fetched from the remote registry
➤ YN0013: │ @radix-ui/react-use-callback-ref@npm:1.1.1 can't be found in the cache and will be fetched from the remote registry
➤ YN0013: │ @radix-ui/react-toggle@npm:1.1.10 can't be found in the cache and will be fetched from the remote registry
➤ YN0013: │ @radix-ui/react-toolbar@npm:1.1.11 can't be found in the cache and will be fetched from the remote registry
➤ YN0013: │ @radix-ui/react-use-callback-ref@npm:1.0.1 can't be found in the cache and will be fetched from the remote registry
➤ YN0013: │ @radix-ui/react-use-callback-ref@npm:1.1.1 can't be found in the cache and will be fetched from the remote registry
➤ YN0013: │ @radix-ui/react-use-controllable-state@npm:1.0.1 can't be found in the cache and will be fetched from the remote registry
➤ YN0013: │ @radix-ui/react-toolbar@npm:1.1.11 can't be found in the cache and will be fetched from the remote registry
➤ YN0013: │ @radix-ui/react-use-callback-ref@npm:1.0.1 can't be found in the cache and will be fetched from the remote registry
➤ YN0013: │ @radix-ui/react-use-callback-ref@npm:1.1.1 can't be found in the cache and will be fetched from the remote registry
➤ YN0013: │ @radix-ui/react-use-controllable-state@npm:1.0.1 can't be found in the cache and will be fetched from the remote registry
➤ YN0013: │ @radix-ui/react-use-controllable-state@npm:1.2.2 can't be found in the cache and will be fetched from the remote registry
➤ YN0013: │ @radix-ui/react-use-callback-ref@npm:1.0.1 can't be found in the cache and will be fetched from the remote registry
➤ YN0013: │ @radix-ui/react-use-callback-ref@npm:1.1.1 can't be found in the cache and will be fetched from the remote registry
➤ YN0013: │ @radix-ui/react-use-controllable-state@npm:1.0.1 can't be found in the cache and will be fetched from the remote registry
➤ YN0013: │ @radix-ui/react-use-controllable-state@npm:1.2.2 can't be found in the cache and will be fetched from the remote registry
➤ YN0013: │ @radix-ui/react-use-effect-event@npm:0.0.2 can't be found in the cache and will be fetched from the remote registry
➤ YN0013: │ @radix-ui/react-use-callback-ref@npm:1.1.1 can't be found in the cache and will be fetched from the remote registry
➤ YN0013: │ @radix-ui/react-use-controllable-state@npm:1.0.1 can't be found in the cache and will be fetched from the remote registry
➤ YN0013: │ @radix-ui/react-use-controllable-state@npm:1.2.2 can't be found in the cache and will be fetched from the remote registry
➤ YN0013: │ @radix-ui/react-use-effect-event@npm:0.0.2 can't be found in the cache and will be fetched from the remote registry
➤ YN0013: │ @radix-ui/react-use-escape-keydown@npm:1.0.3 can't be found in the cache and will be fetched from the remote registry
➤ YN0013: │ @radix-ui/react-use-controllable-state@npm:1.0.1 can't be found in the cache and will be fetched from the remote registry
➤ YN0013: │ @radix-ui/react-use-controllable-state@npm:1.2.2 can't be found in the cache and will be fetched from the remote registry
➤ YN0013: │ @radix-ui/react-use-effect-event@npm:0.0.2 can't be found in the cache and will be fetched from the remote registry
➤ YN0013: │ @radix-ui/react-use-escape-keydown@npm:1.0.3 can't be found in the cache and will be fetched from the remote registry
➤ YN0013: │ @radix-ui/react-use-layout-effect@npm:1.0.1 can't be found in the cache and will be fetched from the remote registry
➤ YN0013: │ @radix-ui/react-use-controllable-state@npm:1.2.2 can't be found in the cache and will be fetched from the remote registry
➤ YN0013: │ @radix-ui/react-use-effect-event@npm:0.0.2 can't be found in the cache and will be fetched from the remote registry
➤ YN0013: │ @radix-ui/react-use-escape-keydown@npm:1.0.3 can't be found in the cache and will be fetched from the remote registry
➤ YN0013: │ @radix-ui/react-use-layout-effect@npm:1.0.1 can't be found in the cache and will be fetched from the remote registry
➤ YN0013: │ @radix-ui/react-use-layout-effect@npm:1.1.1 can't be found in the cache and will be fetched from the remote registry
➤ YN0013: │ @radix-ui/react-use-effect-event@npm:0.0.2 can't be found in the cache and will be fetched from the remote registry
➤ YN0013: │ @radix-ui/react-use-escape-keydown@npm:1.0.3 can't be found in the cache and will be fetched from the remote registry
➤ YN0013: │ @radix-ui/react-use-layout-effect@npm:1.0.1 can't be found in the cache and will be fetched from the remote registry
➤ YN0013: │ @radix-ui/react-use-layout-effect@npm:1.1.1 can't be found in the cache and will be fetched from the remote registry
➤ YN0013: │ @radix-ui/react-use-previous@npm:1.0.1 can't be found in the cache and will be fetched from the remote registry
➤ YN0013: │ @radix-ui/react-use-escape-keydown@npm:1.0.3 can't be found in the cache and will be fetched from the remote registry
➤ YN0013: │ @radix-ui/react-use-layout-effect@npm:1.0.1 can't be found in the cache and will be fetched from the remote registry
➤ YN0013: │ @radix-ui/react-use-layout-effect@npm:1.1.1 can't be found in the cache and will be fetched from the remote registry
➤ YN0013: │ @radix-ui/react-use-previous@npm:1.0.1 can't be found in the cache and will be fetched from the remote registry
➤ YN0013: │ @radix-ui/react-use-rect@npm:1.0.1 can't be found in the cache and will be fetched from the remote registry
➤ YN0013: │ @radix-ui/react-use-layout-effect@npm:1.0.1 can't be found in the cache and will be fetched from the remote registry
➤ YN0013: │ @radix-ui/react-use-layout-effect@npm:1.1.1 can't be found in the cache and will be fetched from the remote registry
➤ YN0013: │ @radix-ui/react-use-previous@npm:1.0.1 can't be found in the cache and will be fetched from the remote registry
➤ YN0013: │ @radix-ui/react-use-rect@npm:1.0.1 can't be found in the cache and will be fetched from the remote registry
➤ YN0013: │ @radix-ui/react-use-size@npm:1.0.1 can't be found in the cache and will be fetched from the remote registry
➤ YN0013: │ @radix-ui/react-use-layout-effect@npm:1.1.1 can't be found in the cache and will be fetched from the remote registry
➤ YN0013: │ @radix-ui/react-use-previous@npm:1.0.1 can't be found in the cache and will be fetched from the remote registry
➤ YN0013: │ @radix-ui/react-use-rect@npm:1.0.1 can't be found in the cache and will be fetched from the remote registry
➤ YN0013: │ @radix-ui/react-use-size@npm:1.0.1 can't be found in the cache and will be fetched from the remote registry
➤ YN0013: │ @radix-ui/react-visually-hidden@npm:1.0.3 can't be found in the cache and will be fetched from the remote registry
➤ YN0013: │ @radix-ui/react-use-previous@npm:1.0.1 can't be found in the cache and will be fetched from the remote registry
➤ YN0013: │ @radix-ui/react-use-rect@npm:1.0.1 can't be found in the cache and will be fetched from the remote registry
➤ YN0013: │ @radix-ui/react-use-size@npm:1.0.1 can't be found in the cache and will be fetched from the remote registry
➤ YN0013: │ @radix-ui/react-visually-hidden@npm:1.0.3 can't be found in the cache and will be fetched from the remote registry
➤ YN0013: │ @radix-ui/rect@npm:1.0.1 can't be found in the cache and will be fetched from the remote registry
➤ YN0013: │ @radix-ui/react-use-rect@npm:1.0.1 can't be found in the cache and will be fetched from the remote registry
➤ YN0013: │ @radix-ui/react-use-size@npm:1.0.1 can't be found in the cache and will be fetched from the remote registry
➤ YN0013: │ @radix-ui/react-visually-hidden@npm:1.0.3 can't be found in the cache and will be fetched from the remote registry
➤ YN0013: │ @radix-ui/rect@npm:1.0.1 can't be found in the cache and will be fetched from the remote registry
➤ YN0013: │ @remix-run/router@npm:1.23.2 can't be found in the cache and will be fetched from the remote registry
➤ YN0013: │ @radix-ui/react-use-size@npm:1.0.1 can't be found in the cache and will be fetched from the remote registry
➤ YN0013: │ @radix-ui/react-visually-hidden@npm:1.0.3 can't be found in the cache and will be fetched from the remote registry
➤ YN0013: │ @radix-ui/rect@npm:1.0.1 can't be found in the cache and will be fetched from the remote registry
➤ YN0013: │ @remix-run/router@npm:1.23.2 can't be found in the cache and will be fetched from the remote registry
➤ YN0013: │ @remix-run/router@npm:1.23.3 can't be found in the cache and will be fetched from the remote registry
➤ YN0013: │ @radix-ui/react-visually-hidden@npm:1.0.3 can't be found in the cache and will be fetched from the remote registry
➤ YN0013: │ @radix-ui/rect@npm:1.0.1 can't be found in the cache and will be fetched from the remote registry
➤ YN0013: │ @remix-run/router@npm:1.23.2 can't be found in the cache and will be fetched from the remote registry
➤ YN0013: │ @remix-run/router@npm:1.23.3 can't be found in the cache and will be fetched from the remote registry
➤ YN0013: │ @rolldown/pluginutils@npm:1.0.0-beta.27 can't be found in the cache and will be fetched from the remote registry
➤ YN0013: │ @radix-ui/rect@npm:1.0.1 can't be found in the cache and will be fetched from the remote registry
➤ YN0013: │ @remix-run/router@npm:1.23.2 can't be found in the cache and will be fetched from the remote registry
➤ YN0013: │ @remix-run/router@npm:1.23.3 can't be found in the cache and will be fetched from the remote registry
➤ YN0013: │ @rolldown/pluginutils@npm:1.0.0-beta.27 can't be found in the cache and will be fetched from the remote registry
➤ YN0013: │ @rollup/rollup-linux-x64-gnu@npm:4.53.4 can't be found in the cache and will be fetched from the remote registry
➤ YN0013: │ @remix-run/router@npm:1.23.2 can't be found in the cache and will be fetched from the remote registry
➤ YN0013: │ @remix-run/router@npm:1.23.3 can't be found in the cache and will be fetched from the remote registry
➤ YN0013: │ @rolldown/pluginutils@npm:1.0.0-beta.27 can't be found in the cache and will be fetched from the remote registry
➤ YN0013: │ @rollup/rollup-linux-x64-gnu@npm:4.53.4 can't be found in the cache and will be fetched from the remote registry
➤ YN0013: │ @storybook/addon-actions@npm:8.6.14 can't be found in the cache and will be fetched from the remote registry
➤ YN0013: │ @remix-run/router@npm:1.23.3 can't be found in the cache and will be fetched from the remote registry
➤ YN0013: │ @rolldown/pluginutils@npm:1.0.0-beta.27 can't be found in the cache and will be fetched from the remote registry
➤ YN0013: │ @rollup/rollup-linux-x64-gnu@npm:4.53.4 can't be found in the cache and will be fetched from the remote registry
➤ YN0013: │ @storybook/addon-actions@npm:8.6.14 can't be found in the cache and will be fetched from the remote registry
➤ YN0013: │ @storybook/addon-backgrounds@npm:8.6.14 can't be found in the cache and will be fetched from the remote registry
➤ YN0013: │ @rolldown/pluginutils@npm:1.0.0-beta.27 can't be found in the cache and will be fetched from the remote registry
➤ YN0013: │ @rollup/rollup-linux-x64-gnu@npm:4.53.4 can't be found in the cache and will be fetched from the remote registry
➤ YN0013: │ @storybook/addon-actions@npm:8.6.14 can't be found in the cache and will be fetched from the remote registry
➤ YN0013: │ @storybook/addon-backgrounds@npm:8.6.14 can't be found in the cache and will be fetched from the remote registry
➤ YN0013: │ @storybook/addon-controls@npm:8.6.14 can't be found in the cache and will be fetched from the remote registry
➤ YN0013: │ @rollup/rollup-linux-x64-gnu@npm:4.53.4 can't be found in the cache and will be fetched from the remote registry
➤ YN0013: │ @storybook/addon-actions@npm:8.6.14 can't be found in the cache and will be fetched from the remote registry
➤ YN0013: │ @storybook/addon-backgrounds@npm:8.6.14 can't be found in the cache and will be fetched from the remote registry
➤ YN0013: │ @storybook/addon-controls@npm:8.6.14 can't be found in the cache and will be fetched from the remote registry
➤ YN0013: │ @storybook/addon-docs@npm:8.6.14 can't be found in the cache and will be fetched from the remote registry
➤ YN0013: │ @storybook/addon-actions@npm:8.6.14 can't be found in the cache and will be fetched from the remote registry
➤ YN0013: │ @storybook/addon-backgrounds@npm:8.6.14 can't be found in the cache and will be fetched from the remote registry
➤ YN0013: │ @storybook/addon-controls@npm:8.6.14 can't be found in the cache and will be fetched from the remote registry
➤ YN0013: │ @storybook/addon-docs@npm:8.6.14 can't be found in the cache and will be fetched from the remote registry
➤ YN0013: │ @storybook/addon-essentials@npm:8.6.14 can't be found in the cache and will be fetched from the remote registry
➤ YN0013: │ @storybook/addon-backgrounds@npm:8.6.14 can't be found in the cache and will be fetched from the remote registry
➤ YN0013: │ @storybook/addon-controls@npm:8.6.14 can't be found in the cache and will be fetched from the remote registry
➤ YN0013: │ @storybook/addon-docs@npm:8.6.14 can't be found in the cache and will be fetched from the remote registry
➤ YN0013: │ @storybook/addon-essentials@npm:8.6.14 can't be found in the cache and will be fetched from the remote registry
➤ YN0013: │ @storybook/addon-highlight@npm:8.6.14 can't be found in the cache and will be fetched from the remote registry
➤ YN0013: │ @storybook/addon-controls@npm:8.6.14 can't be found in the cache and will be fetched from the remote registry
➤ YN0013: │ @storybook/addon-docs@npm:8.6.14 can't be found in the cache and will be fetched from the remote registry
➤ YN0013: │ @storybook/addon-essentials@npm:8.6.14 can't be found in the cache and will be fetched from the remote registry
➤ YN0013: │ @storybook/addon-highlight@npm:8.6.14 can't be found in the cache and will be fetched from the remote registry
➤ YN0013: │ @storybook/addon-interactions@npm:8.6.14 can't be found in the cache and will be fetched from the remote registry
➤ YN0013: │ @storybook/addon-docs@npm:8.6.14 can't be found in the cache and will be fetched from the remote registry
➤ YN0013: │ @storybook/addon-essentials@npm:8.6.14 can't be found in the cache and will be fetched from the remote registry
➤ YN0013: │ @storybook/addon-highlight@npm:8.6.14 can't be found in the cache and will be fetched from the remote registry
➤ YN0013: │ @storybook/addon-interactions@npm:8.6.14 can't be found in the cache and will be fetched from the remote registry
➤ YN0013: │ @storybook/addon-links@npm:8.6.14 can't be found in the cache and will be fetched from the remote registry
➤ YN0013: │ @storybook/addon-essentials@npm:8.6.14 can't be found in the cache and will be fetched from the remote registry
➤ YN0013: │ @storybook/addon-highlight@npm:8.6.14 can't be found in the cache and will be fetched from the remote registry
➤ YN0013: │ @storybook/addon-interactions@npm:8.6.14 can't be found in the cache and will be fetched from the remote registry
➤ YN0013: │ @storybook/addon-links@npm:8.6.14 can't be found in the cache and will be fetched from the remote registry
➤ YN0013: │ @storybook/addon-measure@npm:8.6.14 can't be found in the cache and will be fetched from the remote registry
➤ YN0013: │ @storybook/addon-highlight@npm:8.6.14 can't be found in the cache and will be fetched from the remote registry
➤ YN0013: │ @storybook/addon-interactions@npm:8.6.14 can't be found in the cache and will be fetched from the remote registry
➤ YN0013: │ @storybook/addon-links@npm:8.6.14 can't be found in the cache and will be fetched from the remote registry
➤ YN0013: │ @storybook/addon-measure@npm:8.6.14 can't be found in the cache and will be fetched from the remote registry
➤ YN0013: │ @storybook/addon-outline@npm:8.6.14 can't be found in the cache and will be fetched from the remote registry
➤ YN0013: │ @storybook/addon-interactions@npm:8.6.14 can't be found in the cache and will be fetched from the remote registry
➤ YN0013: │ @storybook/addon-links@npm:8.6.14 can't be found in the cache and will be fetched from the remote registry
➤ YN0013: │ @storybook/addon-measure@npm:8.6.14 can't be found in the cache and will be fetched from the remote registry
➤ YN0013: │ @storybook/addon-outline@npm:8.6.14 can't be found in the cache and will be fetched from the remote registry
➤ YN0013: │ @storybook/addon-styling@npm:1.3.7 can't be found in the cache and will be fetched from the remote registry
➤ YN0013: │ @storybook/addon-links@npm:8.6.14 can't be found in the cache and will be fetched from the remote registry
➤ YN0013: │ @storybook/addon-measure@npm:8.6.14 can't be found in the cache and will be fetched from the remote registry
➤ YN0013: │ @storybook/addon-outline@npm:8.6.14 can't be found in the cache and will be fetched from the remote registry
➤ YN0013: │ @storybook/addon-styling@npm:1.3.7 can't be found in the cache and will be fetched from the remote registry
➤ YN0013: │ @storybook/addon-toolbars@npm:8.6.14 can't be found in the cache and will be fetched from the remote registry
➤ YN0013: │ @storybook/addon-measure@npm:8.6.14 can't be found in the cache and will be fetched from the remote registry
➤ YN0013: │ @storybook/addon-outline@npm:8.6.14 can't be found in the cache and will be fetched from the remote registry
➤ YN0013: │ @storybook/addon-styling@npm:1.3.7 can't be found in the cache and will be fetched from the remote registry
➤ YN0013: │ @storybook/addon-toolbars@npm:8.6.14 can't be found in the cache and will be fetched from the remote registry
➤ YN0013: │ @storybook/addon-viewport@npm:8.6.14 can't be found in the cache and will be fetched from the remote registry
➤ YN0013: │ @storybook/addon-outline@npm:8.6.14 can't be found in the cache and will be fetched from the remote registry
➤ YN0013: │ @storybook/addon-styling@npm:1.3.7 can't be found in the cache and will be fetched from the remote registry
➤ YN0013: │ @storybook/addon-toolbars@npm:8.6.14 can't be found in the cache and will be fetched from the remote registry
➤ YN0013: │ @storybook/addon-viewport@npm:8.6.14 can't be found in the cache and will be fetched from the remote registry
➤ YN0013: │ @storybook/api@npm:7.6.20 can't be found in the cache and will be fetched from the remote registry
➤ YN0013: │ @storybook/addon-styling@npm:1.3.7 can't be found in the cache and will be fetched from the remote registry
➤ YN0013: │ @storybook/addon-toolbars@npm:8.6.14 can't be found in the cache and will be fetched from the remote registry
➤ YN0013: │ @storybook/addon-viewport@npm:8.6.14 can't be found in the cache and will be fetched from the remote registry
➤ YN0013: │ @storybook/api@npm:7.6.20 can't be found in the cache and will be fetched from the remote registry
➤ YN0013: │ @storybook/blocks@npm:8.6.14 can't be found in the cache and will be fetched from the remote registry
➤ YN0013: │ @storybook/addon-toolbars@npm:8.6.14 can't be found in the cache and will be fetched from the remote registry
➤ YN0013: │ @storybook/addon-viewport@npm:8.6.14 can't be found in the cache and will be fetched from the remote registry
➤ YN0013: │ @storybook/api@npm:7.6.20 can't be found in the cache and will be fetched from the remote registry
➤ YN0013: │ @storybook/blocks@npm:8.6.14 can't be found in the cache and will be fetched from the remote registry
➤ YN0013: │ @storybook/builder-vite@npm:8.6.14 can't be found in the cache and will be fetched from the remote registry
➤ YN0013: │ @storybook/addon-viewport@npm:8.6.14 can't be found in the cache and will be fetched from the remote registry
➤ YN0013: │ @storybook/api@npm:7.6.20 can't be found in the cache and will be fetched from the remote registry
➤ YN0013: │ @storybook/blocks@npm:8.6.14 can't be found in the cache and will be fetched from the remote registry
➤ YN0013: │ @storybook/builder-vite@npm:8.6.14 can't be found in the cache and will be fetched from the remote registry
➤ YN0013: │ @storybook/channels@npm:7.6.20 can't be found in the cache and will be fetched from the remote registry
➤ YN0013: │ @storybook/api@npm:7.6.20 can't be found in the cache and will be fetched from the remote registry
➤ YN0013: │ @storybook/blocks@npm:8.6.14 can't be found in the cache and will be fetched from the remote registry
➤ YN0013: │ @storybook/builder-vite@npm:8.6.14 can't be found in the cache and will be fetched from the remote registry
➤ YN0013: │ @storybook/channels@npm:7.6.20 can't be found in the cache and will be fetched from the remote registry
➤ YN0013: │ @storybook/client-logger@npm:7.6.20 can't be found in the cache and will be fetched from the remote registry
➤ YN0013: │ @storybook/blocks@npm:8.6.14 can't be found in the cache and will be fetched from the remote registry
➤ YN0013: │ @storybook/builder-vite@npm:8.6.14 can't be found in the cache and will be fetched from the remote registry
➤ YN0013: │ @storybook/channels@npm:7.6.20 can't be found in the cache and will be fetched from the remote registry
➤ YN0013: │ @storybook/client-logger@npm:7.6.20 can't be found in the cache and will be fetched from the remote registry
➤ YN0013: │ @storybook/components@npm:7.6.20 can't be found in the cache and will be fetched from the remote registry
➤ YN0013: │ @storybook/builder-vite@npm:8.6.14 can't be found in the cache and will be fetched from the remote registry
➤ YN0013: │ @storybook/channels@npm:7.6.20 can't be found in the cache and will be fetched from the remote registry
➤ YN0013: │ @storybook/client-logger@npm:7.6.20 can't be found in the cache and will be fetched from the remote registry
➤ YN0013: │ @storybook/components@npm:7.6.20 can't be found in the cache and will be fetched from the remote registry
➤ YN0013: │ @storybook/components@npm:8.6.14 can't be found in the cache and will be fetched from the remote registry
➤ YN0013: │ @storybook/channels@npm:7.6.20 can't be found in the cache and will be fetched from the remote registry
➤ YN0013: │ @storybook/client-logger@npm:7.6.20 can't be found in the cache and will be fetched from the remote registry
➤ YN0013: │ @storybook/components@npm:7.6.20 can't be found in the cache and will be fetched from the remote registry
➤ YN0013: │ @storybook/components@npm:8.6.14 can't be found in the cache and will be fetched from the remote registry
➤ YN0013: │ @storybook/core-common@npm:7.6.20 can't be found in the cache and will be fetched from the remote registry
➤ YN0013: │ @storybook/client-logger@npm:7.6.20 can't be found in the cache and will be fetched from the remote registry
➤ YN0013: │ @storybook/components@npm:7.6.20 can't be found in the cache and will be fetched from the remote registry
➤ YN0013: │ @storybook/components@npm:8.6.14 can't be found in the cache and will be fetched from the remote registry
➤ YN0013: │ @storybook/core-common@npm:7.6.20 can't be found in the cache and will be fetched from the remote registry
➤ YN0013: │ @storybook/core-events@npm:7.6.20 can't be found in the cache and will be fetched from the remote registry
➤ YN0013: │ @storybook/components@npm:7.6.20 can't be found in the cache and will be fetched from the remote registry
➤ YN0013: │ @storybook/components@npm:8.6.14 can't be found in the cache and will be fetched from the remote registry
➤ YN0013: │ @storybook/core-common@npm:7.6.20 can't be found in the cache and will be fetched from the remote registry
➤ YN0013: │ @storybook/core-events@npm:7.6.20 can't be found in the cache and will be fetched from the remote registry
➤ YN0013: │ @storybook/core@npm:8.6.14 can't be found in the cache and will be fetched from the remote registry
➤ YN0013: │ @storybook/components@npm:8.6.14 can't be found in the cache and will be fetched from the remote registry
➤ YN0013: │ @storybook/core-common@npm:7.6.20 can't be found in the cache and will be fetched from the remote registry
➤ YN0013: │ @storybook/core-events@npm:7.6.20 can't be found in the cache and will be fetched from the remote registry
➤ YN0013: │ @storybook/core@npm:8.6.14 can't be found in the cache and will be fetched from the remote registry
➤ YN0013: │ @storybook/csf-plugin@npm:8.6.14 can't be found in the cache and will be fetched from the remote registry
➤ YN0013: │ @storybook/core-common@npm:7.6.20 can't be found in the cache and will be fetched from the remote registry
➤ YN0013: │ @storybook/core-events@npm:7.6.20 can't be found in the cache and will be fetched from the remote registry
➤ YN0013: │ @storybook/core@npm:8.6.14 can't be found in the cache and will be fetched from the remote registry
➤ YN0013: │ @storybook/csf-plugin@npm:8.6.14 can't be found in the cache and will be fetched from the remote registry
➤ YN0013: │ @storybook/csf@npm:0.1.13 can't be found in the cache and will be fetched from the remote registry
➤ YN0013: │ @storybook/core-events@npm:7.6.20 can't be found in the cache and will be fetched from the remote registry
➤ YN0013: │ @storybook/core@npm:8.6.14 can't be found in the cache and will be fetched from the remote registry
➤ YN0013: │ @storybook/csf-plugin@npm:8.6.14 can't be found in the cache and will be fetched from the remote registry
➤ YN0013: │ @storybook/csf@npm:0.1.13 can't be found in the cache and will be fetched from the remote registry
➤ YN0013: │ @storybook/icons@npm:1.6.0 can't be found in the cache and will be fetched from the remote registry
➤ YN0013: │ @storybook/core@npm:8.6.14 can't be found in the cache and will be fetched from the remote registry
➤ YN0013: │ @storybook/csf-plugin@npm:8.6.14 can't be found in the cache and will be fetched from the remote registry
➤ YN0013: │ @storybook/csf@npm:0.1.13 can't be found in the cache and will be fetched from the remote registry
➤ YN0013: │ @storybook/icons@npm:1.6.0 can't be found in the cache and will be fetched from the remote registry
➤ YN0013: │ @storybook/instrumenter@npm:8.6.14 can't be found in the cache and will be fetched from the remote registry
➤ YN0013: │ @storybook/csf-plugin@npm:8.6.14 can't be found in the cache and will be fetched from the remote registry
➤ YN0013: │ @storybook/csf@npm:0.1.13 can't be found in the cache and will be fetched from the remote registry
➤ YN0013: │ @storybook/icons@npm:1.6.0 can't be found in the cache and will be fetched from the remote registry
➤ YN0013: │ @storybook/instrumenter@npm:8.6.14 can't be found in the cache and will be fetched from the remote registry
➤ YN0013: │ @storybook/manager-api@npm:7.6.20 can't be found in the cache and will be fetched from the remote registry
➤ YN0013: │ @storybook/csf@npm:0.1.13 can't be found in the cache and will be fetched from the remote registry
➤ YN0013: │ @storybook/icons@npm:1.6.0 can't be found in the cache and will be fetched from the remote registry
➤ YN0013: │ @storybook/instrumenter@npm:8.6.14 can't be found in the cache and will be fetched from the remote registry
➤ YN0013: │ @storybook/manager-api@npm:7.6.20 can't be found in the cache and will be fetched from the remote registry
➤ YN0013: │ @storybook/manager-api@npm:8.6.14 can't be found in the cache and will be fetched from the remote registry
➤ YN0013: │ @storybook/icons@npm:1.6.0 can't be found in the cache and will be fetched from the remote registry
➤ YN0013: │ @storybook/instrumenter@npm:8.6.14 can't be found in the cache and will be fetched from the remote registry
➤ YN0013: │ @storybook/manager-api@npm:7.6.20 can't be found in the cache and will be fetched from the remote registry
➤ YN0013: │ @storybook/manager-api@npm:8.6.14 can't be found in the cache and will be fetched from the remote registry
➤ YN0013: │ @storybook/node-logger@npm:7.6.20 can't be found in the cache and will be fetched from the remote registry
➤ YN0013: │ @storybook/instrumenter@npm:8.6.14 can't be found in the cache and will be fetched from the remote registry
➤ YN0013: │ @storybook/manager-api@npm:7.6.20 can't be found in the cache and will be fetched from the remote registry
➤ YN0013: │ @storybook/manager-api@npm:8.6.14 can't be found in the cache and will be fetched from the remote registry
➤ YN0013: │ @storybook/node-logger@npm:7.6.20 can't be found in the cache and will be fetched from the remote registry
➤ YN0013: │ @storybook/preview-api@npm:7.6.20 can't be found in the cache and will be fetched from the remote registry
➤ YN0013: │ @storybook/manager-api@npm:7.6.20 can't be found in the cache and will be fetched from the remote registry
➤ YN0013: │ @storybook/manager-api@npm:8.6.14 can't be found in the cache and will be fetched from the remote registry
➤ YN0013: │ @storybook/node-logger@npm:7.6.20 can't be found in the cache and will be fetched from the remote registry
➤ YN0013: │ @storybook/preview-api@npm:7.6.20 can't be found in the cache and will be fetched from the remote registry
➤ YN0013: │ @storybook/preview-api@npm:8.6.14 can't be found in the cache and will be fetched from the remote registry
➤ YN0013: │ @storybook/manager-api@npm:8.6.14 can't be found in the cache and will be fetched from the remote registry
➤ YN0013: │ @storybook/node-logger@npm:7.6.20 can't be found in the cache and will be fetched from the remote registry
➤ YN0013: │ @storybook/preview-api@npm:7.6.20 can't be found in the cache and will be fetched from the remote registry
➤ YN0013: │ @storybook/preview-api@npm:8.6.14 can't be found in the cache and will be fetched from the remote registry
➤ YN0013: │ @storybook/react-dom-shim@npm:8.6.14 can't be found in the cache and will be fetched from the remote registry
➤ YN0013: │ @storybook/node-logger@npm:7.6.20 can't be found in the cache and will be fetched from the remote registry
➤ YN0013: │ @storybook/preview-api@npm:7.6.20 can't be found in the cache and will be fetched from the remote registry
➤ YN0013: │ @storybook/preview-api@npm:8.6.14 can't be found in the cache and will be fetched from the remote registry
➤ YN0013: │ @storybook/react-dom-shim@npm:8.6.14 can't be found in the cache and will be fetched from the remote registry
➤ YN0013: │ @storybook/react-vite@npm:8.6.14 can't be found in the cache and will be fetched from the remote registry
➤ YN0013: │ @storybook/preview-api@npm:7.6.20 can't be found in the cache and will be fetched from the remote registry
➤ YN0013: │ @storybook/preview-api@npm:8.6.14 can't be found in the cache and will be fetched from the remote registry
➤ YN0013: │ @storybook/react-dom-shim@npm:8.6.14 can't be found in the cache and will be fetched from the remote registry
➤ YN0013: │ @storybook/react-vite@npm:8.6.14 can't be found in the cache and will be fetched from the remote registry
➤ YN0013: │ @storybook/react@npm:8.6.14 can't be found in the cache and will be fetched from the remote registry
➤ YN0013: │ @storybook/preview-api@npm:8.6.14 can't be found in the cache and will be fetched from the remote registry
➤ YN0013: │ @storybook/react-dom-shim@npm:8.6.14 can't be found in the cache and will be fetched from the remote registry
➤ YN0013: │ @storybook/react-vite@npm:8.6.14 can't be found in the cache and will be fetched from the remote registry
➤ YN0013: │ @storybook/react@npm:8.6.14 can't be found in the cache and will be fetched from the remote registry
➤ YN0013: │ @storybook/router@npm:7.6.20 can't be found in the cache and will be fetched from the remote registry
➤ YN0013: │ @storybook/react-dom-shim@npm:8.6.14 can't be found in the cache and will be fetched from the remote registry
➤ YN0013: │ @storybook/react-vite@npm:8.6.14 can't be found in the cache and will be fetched from the remote registry
➤ YN0013: │ @storybook/react@npm:8.6.14 can't be found in the cache and will be fetched from the remote registry
➤ YN0013: │ @storybook/router@npm:7.6.20 can't be found in the cache and will be fetched from the remote registry
➤ YN0013: │ @storybook/test@npm:8.6.14 can't be found in the cache and will be fetched from the remote registry
➤ YN0013: │ @storybook/react-vite@npm:8.6.14 can't be found in the cache and will be fetched from the remote registry
➤ YN0013: │ @storybook/react@npm:8.6.14 can't be found in the cache and will be fetched from the remote registry
➤ YN0013: │ @storybook/router@npm:7.6.20 can't be found in the cache and will be fetched from the remote registry
➤ YN0013: │ @storybook/test@npm:8.6.14 can't be found in the cache and will be fetched from the remote registry
➤ YN0013: │ @storybook/testing-library@npm:0.2.2 can't be found in the cache and will be fetched from the remote registry
➤ YN0013: │ @storybook/react@npm:8.6.14 can't be found in the cache and will be fetched from the remote registry
➤ YN0013: │ @storybook/router@npm:7.6.20 can't be found in the cache and will be fetched from the remote registry
➤ YN0013: │ @storybook/test@npm:8.6.14 can't be found in the cache and will be fetched from the remote registry
➤ YN0013: │ @storybook/testing-library@npm:0.2.2 can't be found in the cache and will be fetched from the remote registry
➤ YN0013: │ @storybook/theming@npm:7.6.20 can't be found in the cache and will be fetched from the remote registry
➤ YN0013: │ @storybook/router@npm:7.6.20 can't be found in the cache and will be fetched from the remote registry
➤ YN0013: │ @storybook/test@npm:8.6.14 can't be found in the cache and will be fetched from the remote registry
➤ YN0013: │ @storybook/testing-library@npm:0.2.2 can't be found in the cache and will be fetched from the remote registry
➤ YN0013: │ @storybook/theming@npm:7.6.20 can't be found in the cache and will be fetched from the remote registry
➤ YN0013: │ @storybook/theming@npm:8.6.14 can't be found in the cache and will be fetched from the remote registry
➤ YN0013: │ @storybook/test@npm:8.6.14 can't be found in the cache and will be fetched from the remote registry
➤ YN0013: │ @storybook/testing-library@npm:0.2.2 can't be found in the cache and will be fetched from the remote registry
➤ YN0013: │ @storybook/theming@npm:7.6.20 can't be found in the cache and will be fetched from the remote registry
➤ YN0013: │ @storybook/theming@npm:8.6.14 can't be found in the cache and will be fetched from the remote registry
➤ YN0013: │ @storybook/types@npm:7.6.20 can't be found in the cache and will be fetched from the remote registry
➤ YN0013: │ @storybook/testing-library@npm:0.2.2 can't be found in the cache and will be fetched from the remote registry
➤ YN0013: │ @storybook/theming@npm:7.6.20 can't be found in the cache and will be fetched from the remote registry
➤ YN0013: │ @storybook/theming@npm:8.6.14 can't be found in the cache and will be fetched from the remote registry
➤ YN0013: │ @storybook/types@npm:7.6.20 can't be found in the cache and will be fetched from the remote registry
➤ YN0013: │ @testing-library/dom@npm:10.4.0 can't be found in the cache and will be fetched from the remote registry
➤ YN0013: │ @storybook/theming@npm:7.6.20 can't be found in the cache and will be fetched from the remote registry
➤ YN0013: │ @storybook/theming@npm:8.6.14 can't be found in the cache and will be fetched from the remote registry
➤ YN0013: │ @storybook/types@npm:7.6.20 can't be found in the cache and will be fetched from the remote registry
➤ YN0013: │ @testing-library/dom@npm:10.4.0 can't be found in the cache and will be fetched from the remote registry
➤ YN0013: │ @testing-library/jest-dom@npm:6.5.0 can't be found in the cache and will be fetched from the remote registry
➤ YN0013: │ @storybook/theming@npm:8.6.14 can't be found in the cache and will be fetched from the remote registry
➤ YN0013: │ @storybook/types@npm:7.6.20 can't be found in the cache and will be fetched from the remote registry
➤ YN0013: │ @testing-library/dom@npm:10.4.0 can't be found in the cache and will be fetched from the remote registry
➤ YN0013: │ @testing-library/jest-dom@npm:6.5.0 can't be found in the cache and will be fetched from the remote registry
➤ YN0013: │ @testing-library/user-event@npm:14.5.2 can't be found in the cache and will be fetched from the remote registry
➤ YN0013: │ @storybook/types@npm:7.6.20 can't be found in the cache and will be fetched from the remote registry
➤ YN0013: │ @testing-library/dom@npm:10.4.0 can't be found in the cache and will be fetched from the remote registry
➤ YN0013: │ @testing-library/jest-dom@npm:6.5.0 can't be found in the cache and will be fetched from the remote registry
➤ YN0013: │ @testing-library/user-event@npm:14.5.2 can't be found in the cache and will be fetched from the remote registry
➤ YN0013: │ @trysound/sax@npm:0.2.0 can't be found in the cache and will be fetched from the remote registry
➤ YN0013: │ @testing-library/dom@npm:10.4.0 can't be found in the cache and will be fetched from the remote registry
➤ YN0013: │ @testing-library/jest-dom@npm:6.5.0 can't be found in the cache and will be fetched from the remote registry
➤ YN0013: │ @testing-library/user-event@npm:14.5.2 can't be found in the cache and will be fetched from the remote registry
➤ YN0013: │ @trysound/sax@npm:0.2.0 can't be found in the cache and will be fetched from the remote registry
➤ YN0013: │ @types/find-cache-dir@npm:3.2.1 can't be found in the cache and will be fetched from the remote registry
➤ YN0013: │ @testing-library/jest-dom@npm:6.5.0 can't be found in the cache and will be fetched from the remote registry
➤ YN0013: │ @testing-library/user-event@npm:14.5.2 can't be found in the cache and will be fetched from the remote registry
➤ YN0013: │ @trysound/sax@npm:0.2.0 can't be found in the cache and will be fetched from the remote registry
➤ YN0013: │ @types/find-cache-dir@npm:3.2.1 can't be found in the cache and will be fetched from the remote registry
➤ YN0013: │ @types/mdx@npm:2.0.13 can't be found in the cache and will be fetched from the remote registry
➤ YN0013: │ @testing-library/user-event@npm:14.5.2 can't be found in the cache and will be fetched from the remote registry
➤ YN0013: │ @trysound/sax@npm:0.2.0 can't be found in the cache and will be fetched from the remote registry
➤ YN0013: │ @types/find-cache-dir@npm:3.2.1 can't be found in the cache and will be fetched from the remote registry
➤ YN0013: │ @types/mdx@npm:2.0.13 can't be found in the cache and will be fetched from the remote registry
➤ YN0013: │ @types/node-fetch@npm:2.6.13 can't be found in the cache and will be fetched from the remote registry
➤ YN0013: │ @trysound/sax@npm:0.2.0 can't be found in the cache and will be fetched from the remote registry
➤ YN0013: │ @types/find-cache-dir@npm:3.2.1 can't be found in the cache and will be fetched from the remote registry
➤ YN0013: │ @types/mdx@npm:2.0.13 can't be found in the cache and will be fetched from the remote registry
➤ YN0013: │ @types/node-fetch@npm:2.6.13 can't be found in the cache and will be fetched from the remote registry
➤ YN0013: │ @types/node@npm:18.19.130 can't be found in the cache and will be fetched from the remote registry
➤ YN0013: │ @types/find-cache-dir@npm:3.2.1 can't be found in the cache and will be fetched from the remote registry
➤ YN0013: │ @types/mdx@npm:2.0.13 can't be found in the cache and will be fetched from the remote registry
➤ YN0013: │ @types/node-fetch@npm:2.6.13 can't be found in the cache and will be fetched from the remote registry
➤ YN0013: │ @types/node@npm:18.19.130 can't be found in the cache and will be fetched from the remote registry
➤ YN0013: │ @types/pretty-hrtime@npm:1.0.3 can't be found in the cache and will be fetched from the remote registry
➤ YN0013: │ @types/mdx@npm:2.0.13 can't be found in the cache and will be fetched from the remote registry
➤ YN0013: │ @types/node-fetch@npm:2.6.13 can't be found in the cache and will be fetched from the remote registry
➤ YN0013: │ @types/node@npm:18.19.130 can't be found in the cache and will be fetched from the remote registry
➤ YN0013: │ @types/pretty-hrtime@npm:1.0.3 can't be found in the cache and will be fetched from the remote registry
➤ YN0013: │ @types/uuid@npm:9.0.8 can't be found in the cache and will be fetched from the remote registry
➤ YN0013: │ @types/node-fetch@npm:2.6.13 can't be found in the cache and will be fetched from the remote registry
➤ YN0013: │ @types/node@npm:18.19.130 can't be found in the cache and will be fetched from the remote registry
➤ YN0013: │ @types/pretty-hrtime@npm:1.0.3 can't be found in the cache and will be fetched from the remote registry
➤ YN0013: │ @types/uuid@npm:9.0.8 can't be found in the cache and will be fetched from the remote registry
➤ YN0013: │ @typescript-eslint/project-service@npm:8.49.0 can't be found in the cache and will be fetched from the remote registry
➤ YN0013: │ @types/node@npm:18.19.130 can't be found in the cache and will be fetched from the remote registry
➤ YN0013: │ @types/pretty-hrtime@npm:1.0.3 can't be found in the cache and will be fetched from the remote registry
➤ YN0013: │ @types/uuid@npm:9.0.8 can't be found in the cache and will be fetched from the remote registry
➤ YN0013: │ @typescript-eslint/project-service@npm:8.49.0 can't be found in the cache and will be fetched from the remote registry
➤ YN0013: │ @typescript-eslint/scope-manager@npm:8.49.0 can't be found in the cache and will be fetched from the remote registry
➤ YN0013: │ @types/pretty-hrtime@npm:1.0.3 can't be found in the cache and will be fetched from the remote registry
➤ YN0013: │ @types/uuid@npm:9.0.8 can't be found in the cache and will be fetched from the remote registry
➤ YN0013: │ @typescript-eslint/project-service@npm:8.49.0 can't be found in the cache and will be fetched from the remote registry
➤ YN0013: │ @typescript-eslint/scope-manager@npm:8.49.0 can't be found in the cache and will be fetched from the remote registry
➤ YN0013: │ @typescript-eslint/tsconfig-utils@npm:8.49.0 can't be found in the cache and will be fetched from the remote registry
➤ YN0013: │ @types/uuid@npm:9.0.8 can't be found in the cache and will be fetched from the remote registry
➤ YN0013: │ @typescript-eslint/project-service@npm:8.49.0 can't be found in the cache and will be fetched from the remote registry
➤ YN0013: │ @typescript-eslint/scope-manager@npm:8.49.0 can't be found in the cache and will be fetched from the remote registry
➤ YN0013: │ @typescript-eslint/tsconfig-utils@npm:8.49.0 can't be found in the cache and will be fetched from the remote registry
➤ YN0013: │ @typescript-eslint/types@npm:8.49.0 can't be found in the cache and will be fetched from the remote registry
➤ YN0013: │ @typescript-eslint/project-service@npm:8.49.0 can't be found in the cache and will be fetched from the remote registry
➤ YN0013: │ @typescript-eslint/scope-manager@npm:8.49.0 can't be found in the cache and will be fetched from the remote registry
➤ YN0013: │ @typescript-eslint/tsconfig-utils@npm:8.49.0 can't be found in the cache and will be fetched from the remote registry
➤ YN0013: │ @typescript-eslint/types@npm:8.49.0 can't be found in the cache and will be fetched from the remote registry
➤ YN0013: │ @typescript-eslint/typescript-estree@npm:8.49.0 can't be found in the cache and will be fetched from the remote registry
➤ YN0013: │ @typescript-eslint/scope-manager@npm:8.49.0 can't be found in the cache and will be fetched from the remote registry
➤ YN0013: │ @typescript-eslint/tsconfig-utils@npm:8.49.0 can't be found in the cache and will be fetched from the remote registry
➤ YN0013: │ @typescript-eslint/types@npm:8.49.0 can't be found in the cache and will be fetched from the remote registry
➤ YN0013: │ @typescript-eslint/typescript-estree@npm:8.49.0 can't be found in the cache and will be fetched from the remote registry
➤ YN0013: │ @typescript-eslint/utils@npm:8.49.0 can't be found in the cache and will be fetched from the remote registry
➤ YN0013: │ @typescript-eslint/tsconfig-utils@npm:8.49.0 can't be found in the cache and will be fetched from the remote registry
➤ YN0013: │ @typescript-eslint/types@npm:8.49.0 can't be found in the cache and will be fetched from the remote registry
➤ YN0013: │ @typescript-eslint/typescript-estree@npm:8.49.0 can't be found in the cache and will be fetched from the remote registry
➤ YN0013: │ @typescript-eslint/utils@npm:8.49.0 can't be found in the cache and will be fetched from the remote registry
➤ YN0013: │ @typescript-eslint/visitor-keys@npm:8.49.0 can't be found in the cache and will be fetched from the remote registry
➤ YN0013: │ @typescript-eslint/types@npm:8.49.0 can't be found in the cache and will be fetched from the remote registry
➤ YN0013: │ @typescript-eslint/typescript-estree@npm:8.49.0 can't be found in the cache and will be fetched from the remote registry
➤ YN0013: │ @typescript-eslint/utils@npm:8.49.0 can't be found in the cache and will be fetched from the remote registry
➤ YN0013: │ @typescript-eslint/visitor-keys@npm:8.49.0 can't be found in the cache and will be fetched from the remote registry
➤ YN0013: │ @vitejs/plugin-react@npm:4.7.0 can't be found in the cache and will be fetched from the remote registry
➤ YN0013: │ @typescript-eslint/typescript-estree@npm:8.49.0 can't be found in the cache and will be fetched from the remote registry
➤ YN0013: │ @typescript-eslint/utils@npm:8.49.0 can't be found in the cache and will be fetched from the remote registry
➤ YN0013: │ @typescript-eslint/visitor-keys@npm:8.49.0 can't be found in the cache and will be fetched from the remote registry
➤ YN0013: │ @vitejs/plugin-react@npm:4.7.0 can't be found in the cache and will be fetched from the remote registry
➤ YN0013: │ @vitest/coverage-v8@npm:0.32.4 can't be found in the cache and will be fetched from the remote registry
➤ YN0013: │ @typescript-eslint/utils@npm:8.49.0 can't be found in the cache and will be fetched from the remote registry
➤ YN0013: │ @typescript-eslint/visitor-keys@npm:8.49.0 can't be found in the cache and will be fetched from the remote registry
➤ YN0013: │ @vitejs/plugin-react@npm:4.7.0 can't be found in the cache and will be fetched from the remote registry
➤ YN0013: │ @vitest/coverage-v8@npm:0.32.4 can't be found in the cache and will be fetched from the remote registry
➤ YN0013: │ @vitest/expect@npm:2.0.5 can't be found in the cache and will be fetched from the remote registry
➤ YN0013: │ @typescript-eslint/visitor-keys@npm:8.49.0 can't be found in the cache and will be fetched from the remote registry
➤ YN0013: │ @vitejs/plugin-react@npm:4.7.0 can't be found in the cache and will be fetched from the remote registry
➤ YN0013: │ @vitest/coverage-v8@npm:0.32.4 can't be found in the cache and will be fetched from the remote registry
➤ YN0013: │ @vitest/expect@npm:2.0.5 can't be found in the cache and will be fetched from the remote registry
➤ YN0013: │ @vitest/mocker@npm:3.2.4 can't be found in the cache and will be fetched from the remote registry
➤ YN0013: │ @vitejs/plugin-react@npm:4.7.0 can't be found in the cache and will be fetched from the remote registry
➤ YN0013: │ @vitest/coverage-v8@npm:0.32.4 can't be found in the cache and will be fetched from the remote registry
➤ YN0013: │ @vitest/expect@npm:2.0.5 can't be found in the cache and will be fetched from the remote registry
➤ YN0013: │ @vitest/mocker@npm:3.2.4 can't be found in the cache and will be fetched from the remote registry
➤ YN0013: │ @vitest/pretty-format@npm:2.0.5 can't be found in the cache and will be fetched from the remote registry
➤ YN0013: │ @vitest/coverage-v8@npm:0.32.4 can't be found in the cache and will be fetched from the remote registry
➤ YN0013: │ @vitest/expect@npm:2.0.5 can't be found in the cache and will be fetched from the remote registry
➤ YN0013: │ @vitest/mocker@npm:3.2.4 can't be found in the cache and will be fetched from the remote registry
➤ YN0013: │ @vitest/pretty-format@npm:2.0.5 can't be found in the cache and will be fetched from the remote registry
➤ YN0013: │ @vitest/pretty-format@npm:2.1.9 can't be found in the cache and will be fetched from the remote registry
➤ YN0013: │ @vitest/expect@npm:2.0.5 can't be found in the cache and will be fetched from the remote registry
➤ YN0013: │ @vitest/mocker@npm:3.2.4 can't be found in the cache and will be fetched from the remote registry
➤ YN0013: │ @vitest/pretty-format@npm:2.0.5 can't be found in the cache and will be fetched from the remote registry
➤ YN0013: │ @vitest/pretty-format@npm:2.1.9 can't be found in the cache and will be fetched from the remote registry
➤ YN0013: │ @vitest/runner@npm:3.2.4 can't be found in the cache and will be fetched from the remote registry
➤ YN0013: │ @vitest/mocker@npm:3.2.4 can't be found in the cache and will be fetched from the remote registry
➤ YN0013: │ @vitest/pretty-format@npm:2.0.5 can't be found in the cache and will be fetched from the remote registry
➤ YN0013: │ @vitest/pretty-format@npm:2.1.9 can't be found in the cache and will be fetched from the remote registry
➤ YN0013: │ @vitest/runner@npm:3.2.4 can't be found in the cache and will be fetched from the remote registry
➤ YN0013: │ @vitest/snapshot@npm:3.2.4 can't be found in the cache and will be fetched from the remote registry
➤ YN0013: │ @vitest/pretty-format@npm:2.0.5 can't be found in the cache and will be fetched from the remote registry
➤ YN0013: │ @vitest/pretty-format@npm:2.1.9 can't be found in the cache and will be fetched from the remote registry
➤ YN0013: │ @vitest/runner@npm:3.2.4 can't be found in the cache and will be fetched from the remote registry
➤ YN0013: │ @vitest/snapshot@npm:3.2.4 can't be found in the cache and will be fetched from the remote registry
➤ YN0013: │ @vitest/spy@npm:2.0.5 can't be found in the cache and will be fetched from the remote registry
➤ YN0013: │ @vitest/pretty-format@npm:2.1.9 can't be found in the cache and will be fetched from the remote registry
➤ YN0013: │ @vitest/runner@npm:3.2.4 can't be found in the cache and will be fetched from the remote registry
➤ YN0013: │ @vitest/snapshot@npm:3.2.4 can't be found in the cache and will be fetched from the remote registry
➤ YN0013: │ @vitest/spy@npm:2.0.5 can't be found in the cache and will be fetched from the remote registry
➤ YN0013: │ @vitest/utils@npm:2.0.5 can't be found in the cache and will be fetched from the remote registry
➤ YN0013: │ @vitest/runner@npm:3.2.4 can't be found in the cache and will be fetched from the remote registry
➤ YN0013: │ @vitest/snapshot@npm:3.2.4 can't be found in the cache and will be fetched from the remote registry
➤ YN0013: │ @vitest/spy@npm:2.0.5 can't be found in the cache and will be fetched from the remote registry
➤ YN0013: │ @vitest/utils@npm:2.0.5 can't be found in the cache and will be fetched from the remote registry
➤ YN0013: │ @vitest/utils@npm:2.1.9 can't be found in the cache and will be fetched from the remote registry
➤ YN0013: │ @vitest/snapshot@npm:3.2.4 can't be found in the cache and will be fetched from the remote registry
➤ YN0013: │ @vitest/spy@npm:2.0.5 can't be found in the cache and will be fetched from the remote registry
➤ YN0013: │ @vitest/utils@npm:2.0.5 can't be found in the cache and will be fetched from the remote registry
➤ YN0013: │ @vitest/utils@npm:2.1.9 can't be found in the cache and will be fetched from the remote registry
➤ YN0013: │ adjust-sourcemap-loader@npm:4.0.0 can't be found in the cache and will be fetched from the remote registry
➤ YN0013: │ @vitest/spy@npm:2.0.5 can't be found in the cache and will be fetched from the remote registry
➤ YN0013: │ @vitest/utils@npm:2.0.5 can't be found in the cache and will be fetched from the remote registry
➤ YN0013: │ @vitest/utils@npm:2.1.9 can't be found in the cache and will be fetched from the remote registry
➤ YN0013: │ adjust-sourcemap-loader@npm:4.0.0 can't be found in the cache and will be fetched from the remote registry
➤ YN0013: │ app-root-dir@npm:1.0.2 can't be found in the cache and will be fetched from the remote registry
➤ YN0013: │ @vitest/utils@npm:2.0.5 can't be found in the cache and will be fetched from the remote registry
➤ YN0013: │ @vitest/utils@npm:2.1.9 can't be found in the cache and will be fetched from the remote registry
➤ YN0013: │ adjust-sourcemap-loader@npm:4.0.0 can't be found in the cache and will be fetched from the remote registry
➤ YN0013: │ app-root-dir@npm:1.0.2 can't be found in the cache and will be fetched from the remote registry
➤ YN0013: │ better-opn@npm:3.0.2 can't be found in the cache and will be fetched from the remote registry
➤ YN0013: │ @vitest/utils@npm:2.1.9 can't be found in the cache and will be fetched from the remote registry
➤ YN0013: │ adjust-sourcemap-loader@npm:4.0.0 can't be found in the cache and will be fetched from the remote registry
➤ YN0013: │ app-root-dir@npm:1.0.2 can't be found in the cache and will be fetched from the remote registry
➤ YN0013: │ better-opn@npm:3.0.2 can't be found in the cache and will be fetched from the remote registry
➤ YN0013: │ big.js@npm:5.2.2 can't be found in the cache and will be fetched from the remote registry
➤ YN0013: │ adjust-sourcemap-loader@npm:4.0.0 can't be found in the cache and will be fetched from the remote registry
➤ YN0013: │ app-root-dir@npm:1.0.2 can't be found in the cache and will be fetched from the remote registry
➤ YN0013: │ better-opn@npm:3.0.2 can't be found in the cache and will be fetched from the remote registry
➤ YN0013: │ big.js@npm:5.2.2 can't be found in the cache and will be fetched from the remote registry
➤ YN0013: │ browser-assert@npm:1.2.1 can't be found in the cache and will be fetched from the remote registry
➤ YN0013: │ app-root-dir@npm:1.0.2 can't be found in the cache and will be fetched from the remote registry
➤ YN0013: │ better-opn@npm:3.0.2 can't be found in the cache and will be fetched from the remote registry
➤ YN0013: │ big.js@npm:5.2.2 can't be found in the cache and will be fetched from the remote registry
➤ YN0013: │ browser-assert@npm:1.2.1 can't be found in the cache and will be fetched from the remote registry
➤ YN0013: │ chromatic@npm:6.24.1 can't be found in the cache and will be fetched from the remote registry
➤ YN0013: │ better-opn@npm:3.0.2 can't be found in the cache and will be fetched from the remote registry
➤ YN0013: │ big.js@npm:5.2.2 can't be found in the cache and will be fetched from the remote registry
➤ YN0013: │ browser-assert@npm:1.2.1 can't be found in the cache and will be fetched from the remote registry
➤ YN0013: │ chromatic@npm:6.24.1 can't be found in the cache and will be fetched from the remote registry
➤ YN0013: │ commondir@npm:1.0.1 can't be found in the cache and will be fetched from the remote registry
➤ YN0013: │ big.js@npm:5.2.2 can't be found in the cache and will be fetched from the remote registry
➤ YN0013: │ browser-assert@npm:1.2.1 can't be found in the cache and will be fetched from the remote registry
➤ YN0013: │ chromatic@npm:6.24.1 can't be found in the cache and will be fetched from the remote registry
➤ YN0013: │ commondir@npm:1.0.1 can't be found in the cache and will be fetched from the remote registry
➤ YN0013: │ convert-source-map@npm:1.9.0 can't be found in the cache and will be fetched from the remote registry
➤ YN0013: │ browser-assert@npm:1.2.1 can't be found in the cache and will be fetched from the remote registry
➤ YN0013: │ chromatic@npm:6.24.1 can't be found in the cache and will be fetched from the remote registry
➤ YN0013: │ commondir@npm:1.0.1 can't be found in the cache and will be fetched from the remote registry
➤ YN0013: │ convert-source-map@npm:1.9.0 can't be found in the cache and will be fetched from the remote registry
➤ YN0013: │ css-loader@npm:6.11.0 can't be found in the cache and will be fetched from the remote registry
➤ YN0013: │ chromatic@npm:6.24.1 can't be found in the cache and will be fetched from the remote registry
➤ YN0013: │ commondir@npm:1.0.1 can't be found in the cache and will be fetched from the remote registry
➤ YN0013: │ convert-source-map@npm:1.9.0 can't be found in the cache and will be fetched from the remote registry
➤ YN0013: │ css-loader@npm:6.11.0 can't be found in the cache and will be fetched from the remote registry
➤ YN0013: │ csv-parse@npm:5.6.0 can't be found in the cache and will be fetched from the remote registry
➤ YN0013: │ commondir@npm:1.0.1 can't be found in the cache and will be fetched from the remote registry
➤ YN0013: │ convert-source-map@npm:1.9.0 can't be found in the cache and will be fetched from the remote registry
➤ YN0013: │ css-loader@npm:6.11.0 can't be found in the cache and will be fetched from the remote registry
➤ YN0013: │ csv-parse@npm:5.6.0 can't be found in the cache and will be fetched from the remote registry
➤ YN0013: │ data-uri-to-buffer@npm:4.0.1 can't be found in the cache and will be fetched from the remote registry
➤ YN0013: │ convert-source-map@npm:1.9.0 can't be found in the cache and will be fetched from the remote registry
➤ YN0013: │ css-loader@npm:6.11.0 can't be found in the cache and will be fetched from the remote registry
➤ YN0013: │ csv-parse@npm:5.6.0 can't be found in the cache and will be fetched from the remote registry
➤ YN0013: │ data-uri-to-buffer@npm:4.0.1 can't be found in the cache and will be fetched from the remote registry
➤ YN0013: │ default-browser@npm:5.4.0 can't be found in the cache and will be fetched from the remote registry
➤ YN0013: │ css-loader@npm:6.11.0 can't be found in the cache and will be fetched from the remote registry
➤ YN0013: │ csv-parse@npm:5.6.0 can't be found in the cache and will be fetched from the remote registry
➤ YN0013: │ data-uri-to-buffer@npm:4.0.1 can't be found in the cache and will be fetched from the remote registry
➤ YN0013: │ default-browser@npm:5.4.0 can't be found in the cache and will be fetched from the remote registry
➤ YN0013: │ dotenv-expand@npm:10.0.0 can't be found in the cache and will be fetched from the remote registry
➤ YN0013: │ csv-parse@npm:5.6.0 can't be found in the cache and will be fetched from the remote registry
➤ YN0013: │ data-uri-to-buffer@npm:4.0.1 can't be found in the cache and will be fetched from the remote registry
➤ YN0013: │ default-browser@npm:5.4.0 can't be found in the cache and will be fetched from the remote registry
➤ YN0013: │ dotenv-expand@npm:10.0.0 can't be found in the cache and will be fetched from the remote registry
➤ YN0013: │ emojis-list@npm:3.0.0 can't be found in the cache and will be fetched from the remote registry
➤ YN0013: │ data-uri-to-buffer@npm:4.0.1 can't be found in the cache and will be fetched from the remote registry
➤ YN0013: │ default-browser@npm:5.4.0 can't be found in the cache and will be fetched from the remote registry
➤ YN0013: │ dotenv-expand@npm:10.0.0 can't be found in the cache and will be fetched from the remote registry
➤ YN0013: │ emojis-list@npm:3.0.0 can't be found in the cache and will be fetched from the remote registry
➤ YN0013: │ error-stack-parser-es@npm:0.1.5 can't be found in the cache and will be fetched from the remote registry
➤ YN0013: │ default-browser@npm:5.4.0 can't be found in the cache and will be fetched from the remote registry
➤ YN0013: │ dotenv-expand@npm:10.0.0 can't be found in the cache and will be fetched from the remote registry
➤ YN0013: │ emojis-list@npm:3.0.0 can't be found in the cache and will be fetched from the remote registry
➤ YN0013: │ error-stack-parser-es@npm:0.1.5 can't be found in the cache and will be fetched from the remote registry
➤ YN0013: │ esbuild-register@npm:3.6.0 can't be found in the cache and will be fetched from the remote registry
➤ YN0013: │ dotenv-expand@npm:10.0.0 can't be found in the cache and will be fetched from the remote registry
➤ YN0013: │ emojis-list@npm:3.0.0 can't be found in the cache and will be fetched from the remote registry
➤ YN0013: │ error-stack-parser-es@npm:0.1.5 can't be found in the cache and will be fetched from the remote registry
➤ YN0013: │ esbuild-register@npm:3.6.0 can't be found in the cache and will be fetched from the remote registry
➤ YN0013: │ esbuild@npm:0.25.12 can't be found in the cache and will be fetched from the remote registry
➤ YN0013: │ emojis-list@npm:3.0.0 can't be found in the cache and will be fetched from the remote registry
➤ YN0013: │ error-stack-parser-es@npm:0.1.5 can't be found in the cache and will be fetched from the remote registry
➤ YN0013: │ esbuild-register@npm:3.6.0 can't be found in the cache and will be fetched from the remote registry
➤ YN0013: │ esbuild@npm:0.25.12 can't be found in the cache and will be fetched from the remote registry
➤ YN0013: │ eslint-plugin-storybook@npm:10.1.9 can't be found in the cache and will be fetched from the remote registry
➤ YN0013: │ error-stack-parser-es@npm:0.1.5 can't be found in the cache and will be fetched from the remote registry
➤ YN0013: │ esbuild-register@npm:3.6.0 can't be found in the cache and will be fetched from the remote registry
➤ YN0013: │ esbuild@npm:0.25.12 can't be found in the cache and will be fetched from the remote registry
➤ YN0013: │ eslint-plugin-storybook@npm:10.1.9 can't be found in the cache and will be fetched from the remote registry
➤ YN0013: │ expect-type@npm:1.3.0 can't be found in the cache and will be fetched from the remote registry
➤ YN0013: │ esbuild-register@npm:3.6.0 can't be found in the cache and will be fetched from the remote registry
➤ YN0013: │ esbuild@npm:0.25.12 can't be found in the cache and will be fetched from the remote registry
➤ YN0013: │ eslint-plugin-storybook@npm:10.1.9 can't be found in the cache and will be fetched from the remote registry
➤ YN0013: │ expect-type@npm:1.3.0 can't be found in the cache and will be fetched from the remote registry
➤ YN0013: │ fetch-blob@npm:3.2.0 can't be found in the cache and will be fetched from the remote registry
➤ YN0013: │ esbuild@npm:0.25.12 can't be found in the cache and will be fetched from the remote registry
➤ YN0013: │ eslint-plugin-storybook@npm:10.1.9 can't be found in the cache and will be fetched from the remote registry
➤ YN0013: │ expect-type@npm:1.3.0 can't be found in the cache and will be fetched from the remote registry
➤ YN0013: │ fetch-blob@npm:3.2.0 can't be found in the cache and will be fetched from the remote registry
➤ YN0013: │ file-system-cache@npm:2.3.0 can't be found in the cache and will be fetched from the remote registry
➤ YN0013: │ eslint-plugin-storybook@npm:10.1.9 can't be found in the cache and will be fetched from the remote registry
➤ YN0013: │ expect-type@npm:1.3.0 can't be found in the cache and will be fetched from the remote registry
➤ YN0013: │ fetch-blob@npm:3.2.0 can't be found in the cache and will be fetched from the remote registry
➤ YN0013: │ file-system-cache@npm:2.3.0 can't be found in the cache and will be fetched from the remote registry
➤ YN0013: │ find-cache-dir@npm:3.3.2 can't be found in the cache and will be fetched from the remote registry
➤ YN0013: │ expect-type@npm:1.3.0 can't be found in the cache and will be fetched from the remote registry
➤ YN0013: │ fetch-blob@npm:3.2.0 can't be found in the cache and will be fetched from the remote registry
➤ YN0013: │ file-system-cache@npm:2.3.0 can't be found in the cache and will be fetched from the remote registry
➤ YN0013: │ find-cache-dir@npm:3.3.2 can't be found in the cache and will be fetched from the remote registry
➤ YN0013: │ formdata-polyfill@npm:4.0.10 can't be found in the cache and will be fetched from the remote registry
➤ YN0013: │ fetch-blob@npm:3.2.0 can't be found in the cache and will be fetched from the remote registry
➤ YN0013: │ file-system-cache@npm:2.3.0 can't be found in the cache and will be fetched from the remote registry
➤ YN0013: │ find-cache-dir@npm:3.3.2 can't be found in the cache and will be fetched from the remote registry
➤ YN0013: │ formdata-polyfill@npm:4.0.10 can't be found in the cache and will be fetched from the remote registry
➤ YN0013: │ fs-extra@npm:11.1.1 can't be found in the cache and will be fetched from the remote registry
➤ YN0013: │ file-system-cache@npm:2.3.0 can't be found in the cache and will be fetched from the remote registry
➤ YN0013: │ find-cache-dir@npm:3.3.2 can't be found in the cache and will be fetched from the remote registry
➤ YN0013: │ formdata-polyfill@npm:4.0.10 can't be found in the cache and will be fetched from the remote registry
➤ YN0013: │ fs-extra@npm:11.1.1 can't be found in the cache and will be fetched from the remote registry
➤ YN0013: │ icss-utils@npm:5.1.0 can't be found in the cache and will be fetched from the remote registry
➤ YN0013: │ find-cache-dir@npm:3.3.2 can't be found in the cache and will be fetched from the remote registry
➤ YN0013: │ formdata-polyfill@npm:4.0.10 can't be found in the cache and will be fetched from the remote registry
➤ YN0013: │ fs-extra@npm:11.1.1 can't be found in the cache and will be fetched from the remote registry
➤ YN0013: │ icss-utils@npm:5.1.0 can't be found in the cache and will be fetched from the remote registry
➤ YN0013: │ joi@npm:18.2.3 can't be found in the cache and will be fetched from the remote registry
➤ YN0013: │ formdata-polyfill@npm:4.0.10 can't be found in the cache and will be fetched from the remote registry
➤ YN0013: │ fs-extra@npm:11.1.1 can't be found in the cache and will be fetched from the remote registry
➤ YN0013: │ icss-utils@npm:5.1.0 can't be found in the cache and will be fetched from the remote registry
➤ YN0013: │ joi@npm:18.2.3 can't be found in the cache and will be fetched from the remote registry
➤ YN0013: │ js-tokens@npm:9.0.1 can't be found in the cache and will be fetched from the remote registry
➤ YN0013: │ fs-extra@npm:11.1.1 can't be found in the cache and will be fetched from the remote registry
➤ YN0013: │ icss-utils@npm:5.1.0 can't be found in the cache and will be fetched from the remote registry
➤ YN0013: │ joi@npm:18.2.3 can't be found in the cache and will be fetched from the remote registry
➤ YN0013: │ js-tokens@npm:9.0.1 can't be found in the cache and will be fetched from the remote registry
➤ YN0013: │ js-yaml@npm:3.15.1 can't be found in the cache and will be fetched from the remote registry
➤ YN0013: │ icss-utils@npm:5.1.0 can't be found in the cache and will be fetched from the remote registry
➤ YN0013: │ joi@npm:18.2.3 can't be found in the cache and will be fetched from the remote registry
➤ YN0013: │ js-tokens@npm:9.0.1 can't be found in the cache and will be fetched from the remote registry
➤ YN0013: │ js-yaml@npm:3.15.1 can't be found in the cache and will be fetched from the remote registry
➤ YN0013: │ js-yaml@npm:4.3.1 can't be found in the cache and will be fetched from the remote registry
➤ YN0013: │ joi@npm:18.2.3 can't be found in the cache and will be fetched from the remote registry
➤ YN0013: │ js-tokens@npm:9.0.1 can't be found in the cache and will be fetched from the remote registry
➤ YN0013: │ js-yaml@npm:3.15.1 can't be found in the cache and will be fetched from the remote registry
➤ YN0013: │ js-yaml@npm:4.3.1 can't be found in the cache and will be fetched from the remote registry
➤ YN0013: │ js-yaml@npm:5.2.3 can't be found in the cache and will be fetched from the remote registry
➤ YN0013: │ js-tokens@npm:9.0.1 can't be found in the cache and will be fetched from the remote registry
➤ YN0013: │ js-yaml@npm:3.15.1 can't be found in the cache and will be fetched from the remote registry
➤ YN0013: │ js-yaml@npm:4.3.1 can't be found in the cache and will be fetched from the remote registry
➤ YN0013: │ js-yaml@npm:5.2.3 can't be found in the cache and will be fetched from the remote registry
➤ YN0013: │ jsdoc-type-pratt-parser@npm:4.8.0 can't be found in the cache and will be fetched from the remote registry
➤ YN0013: │ js-yaml@npm:3.15.1 can't be found in the cache and will be fetched from the remote registry
➤ YN0013: │ js-yaml@npm:4.3.1 can't be found in the cache and will be fetched from the remote registry
➤ YN0013: │ js-yaml@npm:5.2.3 can't be found in the cache and will be fetched from the remote registry
➤ YN0013: │ jsdoc-type-pratt-parser@npm:4.8.0 can't be found in the cache and will be fetched from the remote registry
➤ YN0013: │ lazy-universal-dotenv@npm:4.0.0 can't be found in the cache and will be fetched from the remote registry
➤ YN0013: │ js-yaml@npm:4.3.1 can't be found in the cache and will be fetched from the remote registry
➤ YN0013: │ js-yaml@npm:5.2.3 can't be found in the cache and will be fetched from the remote registry
➤ YN0013: │ jsdoc-type-pratt-parser@npm:4.8.0 can't be found in the cache and will be fetched from the remote registry
➤ YN0013: │ lazy-universal-dotenv@npm:4.0.0 can't be found in the cache and will be fetched from the remote registry
➤ YN0013: │ less-loader@npm:11.1.4 can't be found in the cache and will be fetched from the remote registry
➤ YN0013: │ js-yaml@npm:5.2.3 can't be found in the cache and will be fetched from the remote registry
➤ YN0013: │ jsdoc-type-pratt-parser@npm:4.8.0 can't be found in the cache and will be fetched from the remote registry
➤ YN0013: │ lazy-universal-dotenv@npm:4.0.0 can't be found in the cache and will be fetched from the remote registry
➤ YN0013: │ less-loader@npm:11.1.4 can't be found in the cache and will be fetched from the remote registry
➤ YN0013: │ loader-utils@npm:2.0.4 can't be found in the cache and will be fetched from the remote registry
➤ YN0013: │ jsdoc-type-pratt-parser@npm:4.8.0 can't be found in the cache and will be fetched from the remote registry
➤ YN0013: │ lazy-universal-dotenv@npm:4.0.0 can't be found in the cache and will be fetched from the remote registry
➤ YN0013: │ less-loader@npm:11.1.4 can't be found in the cache and will be fetched from the remote registry
➤ YN0013: │ loader-utils@npm:2.0.4 can't be found in the cache and will be fetched from the remote registry
➤ YN0013: │ magic-string@npm:0.27.0 can't be found in the cache and will be fetched from the remote registry
➤ YN0013: │ lazy-universal-dotenv@npm:4.0.0 can't be found in the cache and will be fetched from the remote registry
➤ YN0013: │ less-loader@npm:11.1.4 can't be found in the cache and will be fetched from the remote registry
➤ YN0013: │ loader-utils@npm:2.0.4 can't be found in the cache and will be fetched from the remote registry
➤ YN0013: │ magic-string@npm:0.27.0 can't be found in the cache and will be fetched from the remote registry
➤ YN0013: │ map-or-similar@npm:1.5.0 can't be found in the cache and will be fetched from the remote registry
➤ YN0013: │ less-loader@npm:11.1.4 can't be found in the cache and will be fetched from the remote registry
➤ YN0013: │ loader-utils@npm:2.0.4 can't be found in the cache and will be fetched from the remote registry
➤ YN0013: │ magic-string@npm:0.27.0 can't be found in the cache and will be fetched from the remote registry
➤ YN0013: │ map-or-similar@npm:1.5.0 can't be found in the cache and will be fetched from the remote registry
➤ YN0013: │ memoizerific@npm:1.11.3 can't be found in the cache and will be fetched from the remote registry
➤ YN0013: │ loader-utils@npm:2.0.4 can't be found in the cache and will be fetched from the remote registry
➤ YN0013: │ magic-string@npm:0.27.0 can't be found in the cache and will be fetched from the remote registry
➤ YN0013: │ map-or-similar@npm:1.5.0 can't be found in the cache and will be fetched from the remote registry
➤ YN0013: │ memoizerific@npm:1.11.3 can't be found in the cache and will be fetched from the remote registry
➤ YN0013: │ morgan@npm:1.11.0 can't be found in the cache and will be fetched from the remote registry
➤ YN0013: │ magic-string@npm:0.27.0 can't be found in the cache and will be fetched from the remote registry
➤ YN0013: │ map-or-similar@npm:1.5.0 can't be found in the cache and will be fetched from the remote registry
➤ YN0013: │ memoizerific@npm:1.11.3 can't be found in the cache and will be fetched from the remote registry
➤ YN0013: │ morgan@npm:1.11.0 can't be found in the cache and will be fetched from the remote registry
➤ YN0013: │ multer@npm:2.2.0 can't be found in the cache and will be fetched from the remote registry
➤ YN0013: │ map-or-similar@npm:1.5.0 can't be found in the cache and will be fetched from the remote registry
➤ YN0013: │ memoizerific@npm:1.11.3 can't be found in the cache and will be fetched from the remote registry
➤ YN0013: │ morgan@npm:1.11.0 can't be found in the cache and will be fetched from the remote registry
➤ YN0013: │ multer@npm:2.2.0 can't be found in the cache and will be fetched from the remote registry
➤ YN0013: │ node-domexception@npm:1.0.0 can't be found in the cache and will be fetched from the remote registry
➤ YN0013: │ memoizerific@npm:1.11.3 can't be found in the cache and will be fetched from the remote registry
➤ YN0013: │ morgan@npm:1.11.0 can't be found in the cache and will be fetched from the remote registry
➤ YN0013: │ multer@npm:2.2.0 can't be found in the cache and will be fetched from the remote registry
➤ YN0013: │ node-domexception@npm:1.0.0 can't be found in the cache and will be fetched from the remote registry
➤ YN0013: │ node-fetch@npm:3.3.2 can't be found in the cache and will be fetched from the remote registry
➤ YN0013: │ morgan@npm:1.11.0 can't be found in the cache and will be fetched from the remote registry
➤ YN0013: │ multer@npm:2.2.0 can't be found in the cache and will be fetched from the remote registry
➤ YN0013: │ node-domexception@npm:1.0.0 can't be found in the cache and will be fetched from the remote registry
➤ YN0013: │ node-fetch@npm:3.3.2 can't be found in the cache and will be fetched from the remote registry
➤ YN0013: │ perfect-debounce@npm:1.0.0 can't be found in the cache and will be fetched from the remote registry
➤ YN0013: │ multer@npm:2.2.0 can't be found in the cache and will be fetched from the remote registry
➤ YN0013: │ node-domexception@npm:1.0.0 can't be found in the cache and will be fetched from the remote registry
➤ YN0013: │ node-fetch@npm:3.3.2 can't be found in the cache and will be fetched from the remote registry
➤ YN0013: │ perfect-debounce@npm:1.0.0 can't be found in the cache and will be fetched from the remote registry
➤ YN0013: │ pkg-dir@npm:5.0.0 can't be found in the cache and will be fetched from the remote registry
➤ YN0013: │ node-domexception@npm:1.0.0 can't be found in the cache and will be fetched from the remote registry
➤ YN0013: │ node-fetch@npm:3.3.2 can't be found in the cache and will be fetched from the remote registry
➤ YN0013: │ perfect-debounce@npm:1.0.0 can't be found in the cache and will be fetched from the remote registry
➤ YN0013: │ pkg-dir@npm:5.0.0 can't be found in the cache and will be fetched from the remote registry
➤ YN0013: │ postcss-loader@npm:7.3.4 can't be found in the cache and will be fetched from the remote registry
➤ YN0013: │ node-fetch@npm:3.3.2 can't be found in the cache and will be fetched from the remote registry
➤ YN0013: │ perfect-debounce@npm:1.0.0 can't be found in the cache and will be fetched from the remote registry
➤ YN0013: │ pkg-dir@npm:5.0.0 can't be found in the cache and will be fetched from the remote registry
➤ YN0013: │ postcss-loader@npm:7.3.4 can't be found in the cache and will be fetched from the remote registry
➤ YN0013: │ postcss-modules-extract-imports@npm:3.1.0 can't be found in the cache and will be fetched from the remote registry
➤ YN0013: │ perfect-debounce@npm:1.0.0 can't be found in the cache and will be fetched from the remote registry
➤ YN0013: │ pkg-dir@npm:5.0.0 can't be found in the cache and will be fetched from the remote registry
➤ YN0013: │ postcss-loader@npm:7.3.4 can't be found in the cache and will be fetched from the remote registry
➤ YN0013: │ postcss-modules-extract-imports@npm:3.1.0 can't be found in the cache and will be fetched from the remote registry
➤ YN0013: │ postcss-modules-local-by-default@npm:4.2.0 can't be found in the cache and will be fetched from the remote registry
➤ YN0013: │ pkg-dir@npm:5.0.0 can't be found in the cache and will be fetched from the remote registry
➤ YN0013: │ postcss-loader@npm:7.3.4 can't be found in the cache and will be fetched from the remote registry
➤ YN0013: │ postcss-modules-extract-imports@npm:3.1.0 can't be found in the cache and will be fetched from the remote registry
➤ YN0013: │ postcss-modules-local-by-default@npm:4.2.0 can't be found in the cache and will be fetched from the remote registry
➤ YN0013: │ postcss-modules-scope@npm:3.2.1 can't be found in the cache and will be fetched from the remote registry
➤ YN0013: │ postcss-loader@npm:7.3.4 can't be found in the cache and will be fetched from the remote registry
➤ YN0013: │ postcss-modules-extract-imports@npm:3.1.0 can't be found in the cache and will be fetched from the remote registry
➤ YN0013: │ postcss-modules-local-by-default@npm:4.2.0 can't be found in the cache and will be fetched from the remote registry
➤ YN0013: │ postcss-modules-scope@npm:3.2.1 can't be found in the cache and will be fetched from the remote registry
➤ YN0013: │ postcss-modules-values@npm:4.0.0 can't be found in the cache and will be fetched from the remote registry
➤ YN0013: │ postcss-modules-extract-imports@npm:3.1.0 can't be found in the cache and will be fetched from the remote registry
➤ YN0013: │ postcss-modules-local-by-default@npm:4.2.0 can't be found in the cache and will be fetched from the remote registry
➤ YN0013: │ postcss-modules-scope@npm:3.2.1 can't be found in the cache and will be fetched from the remote registry
➤ YN0013: │ postcss-modules-values@npm:4.0.0 can't be found in the cache and will be fetched from the remote registry
➤ YN0013: │ postcss-selector-parser@npm:7.1.1 can't be found in the cache and will be fetched from the remote registry
➤ YN0013: │ postcss-modules-local-by-default@npm:4.2.0 can't be found in the cache and will be fetched from the remote registry
➤ YN0013: │ postcss-modules-scope@npm:3.2.1 can't be found in the cache and will be fetched from the remote registry
➤ YN0013: │ postcss-modules-values@npm:4.0.0 can't be found in the cache and will be fetched from the remote registry
➤ YN0013: │ postcss-selector-parser@npm:7.1.1 can't be found in the cache and will be fetched from the remote registry
➤ YN0013: │ pretty-hrtime@npm:1.0.3 can't be found in the cache and will be fetched from the remote registry
➤ YN0013: │ postcss-modules-scope@npm:3.2.1 can't be found in the cache and will be fetched from the remote registry
➤ YN0013: │ postcss-modules-values@npm:4.0.0 can't be found in the cache and will be fetched from the remote registry
➤ YN0013: │ postcss-selector-parser@npm:7.1.1 can't be found in the cache and will be fetched from the remote registry
➤ YN0013: │ pretty-hrtime@npm:1.0.3 can't be found in the cache and will be fetched from the remote registry
➤ YN0013: │ process@npm:0.11.10 can't be found in the cache and will be fetched from the remote registry
➤ YN0013: │ postcss-modules-values@npm:4.0.0 can't be found in the cache and will be fetched from the remote registry
➤ YN0013: │ postcss-selector-parser@npm:7.1.1 can't be found in the cache and will be fetched from the remote registry
➤ YN0013: │ pretty-hrtime@npm:1.0.3 can't be found in the cache and will be fetched from the remote registry
➤ YN0013: │ process@npm:0.11.10 can't be found in the cache and will be fetched from the remote registry
➤ YN0013: │ ramda@npm:0.29.0 can't be found in the cache and will be fetched from the remote registry
➤ YN0013: │ postcss-selector-parser@npm:7.1.1 can't be found in the cache and will be fetched from the remote registry
➤ YN0013: │ pretty-hrtime@npm:1.0.3 can't be found in the cache and will be fetched from the remote registry
➤ YN0013: │ process@npm:0.11.10 can't be found in the cache and will be fetched from the remote registry
➤ YN0013: │ ramda@npm:0.29.0 can't be found in the cache and will be fetched from the remote registry
➤ YN0013: │ react-docgen@npm:7.1.1 can't be found in the cache and will be fetched from the remote registry
➤ YN0013: │ pretty-hrtime@npm:1.0.3 can't be found in the cache and will be fetched from the remote registry
➤ YN0013: │ process@npm:0.11.10 can't be found in the cache and will be fetched from the remote registry
➤ YN0013: │ ramda@npm:0.29.0 can't be found in the cache and will be fetched from the remote registry
➤ YN0013: │ react-docgen@npm:7.1.1 can't be found in the cache and will be fetched from the remote registry
➤ YN0013: │ react-dom@npm:19.2.3 can't be found in the cache and will be fetched from the remote registry
➤ YN0013: │ process@npm:0.11.10 can't be found in the cache and will be fetched from the remote registry
➤ YN0013: │ ramda@npm:0.29.0 can't be found in the cache and will be fetched from the remote registry
➤ YN0013: │ react-docgen@npm:7.1.1 can't be found in the cache and will be fetched from the remote registry
➤ YN0013: │ react-dom@npm:19.2.3 can't be found in the cache and will be fetched from the remote registry
➤ YN0013: │ react-refresh@npm:0.17.0 can't be found in the cache and will be fetched from the remote registry
➤ YN0013: │ ramda@npm:0.29.0 can't be found in the cache and will be fetched from the remote registry
➤ YN0013: │ react-docgen@npm:7.1.1 can't be found in the cache and will be fetched from the remote registry
➤ YN0013: │ react-dom@npm:19.2.3 can't be found in the cache and will be fetched from the remote registry
➤ YN0013: │ react-refresh@npm:0.17.0 can't be found in the cache and will be fetched from the remote registry
➤ YN0013: │ react-remove-scroll@npm:2.5.5 can't be found in the cache and will be fetched from the remote registry
➤ YN0013: │ react-docgen@npm:7.1.1 can't be found in the cache and will be fetched from the remote registry
➤ YN0013: │ react-dom@npm:19.2.3 can't be found in the cache and will be fetched from the remote registry
➤ YN0013: │ react-refresh@npm:0.17.0 can't be found in the cache and will be fetched from the remote registry
➤ YN0013: │ react-remove-scroll@npm:2.5.5 can't be found in the cache and will be fetched from the remote registry
➤ YN0013: │ react-router-dom@npm:6.30.3 can't be found in the cache and will be fetched from the remote registry
➤ YN0013: │ react-dom@npm:19.2.3 can't be found in the cache and will be fetched from the remote registry
➤ YN0013: │ react-refresh@npm:0.17.0 can't be found in the cache and will be fetched from the remote registry
➤ YN0013: │ react-remove-scroll@npm:2.5.5 can't be found in the cache and will be fetched from the remote registry
➤ YN0013: │ react-router-dom@npm:6.30.3 can't be found in the cache and will be fetched from the remote registry
➤ YN0013: │ react-router-dom@npm:6.30.4 can't be found in the cache and will be fetched from the remote registry
➤ YN0013: │ react-refresh@npm:0.17.0 can't be found in the cache and will be fetched from the remote registry
➤ YN0013: │ react-remove-scroll@npm:2.5.5 can't be found in the cache and will be fetched from the remote registry
➤ YN0013: │ react-router-dom@npm:6.30.3 can't be found in the cache and will be fetched from the remote registry
➤ YN0013: │ react-router-dom@npm:6.30.4 can't be found in the cache and will be fetched from the remote registry
➤ YN0013: │ react-router@npm:6.30.3 can't be found in the cache and will be fetched from the remote registry
➤ YN0013: │ react-remove-scroll@npm:2.5.5 can't be found in the cache and will be fetched from the remote registry
➤ YN0013: │ react-router-dom@npm:6.30.3 can't be found in the cache and will be fetched from the remote registry
➤ YN0013: │ react-router-dom@npm:6.30.4 can't be found in the cache and will be fetched from the remote registry
➤ YN0013: │ react-router@npm:6.30.3 can't be found in the cache and will be fetched from the remote registry
➤ YN0013: │ react-router@npm:6.30.4 can't be found in the cache and will be fetched from the remote registry
➤ YN0013: │ react-router-dom@npm:6.30.3 can't be found in the cache and will be fetched from the remote registry
➤ YN0013: │ react-router-dom@npm:6.30.4 can't be found in the cache and will be fetched from the remote registry
➤ YN0013: │ react-router@npm:6.30.3 can't be found in the cache and will be fetched from the remote registry
➤ YN0013: │ react-router@npm:6.30.4 can't be found in the cache and will be fetched from the remote registry
➤ YN0013: │ react@npm:19.2.3 can't be found in the cache and will be fetched from the remote registry
➤ YN0013: │ react-router-dom@npm:6.30.4 can't be found in the cache and will be fetched from the remote registry
➤ YN0013: │ react-router@npm:6.30.3 can't be found in the cache and will be fetched from the remote registry
➤ YN0013: │ react-router@npm:6.30.4 can't be found in the cache and will be fetched from the remote registry
➤ YN0013: │ react@npm:19.2.3 can't be found in the cache and will be fetched from the remote registry
➤ YN0013: │ react@npm:19.2.6 can't be found in the cache and will be fetched from the remote registry
➤ YN0013: │ react-router@npm:6.30.3 can't be found in the cache and will be fetched from the remote registry
➤ YN0013: │ react-router@npm:6.30.4 can't be found in the cache and will be fetched from the remote registry
➤ YN0013: │ react@npm:19.2.3 can't be found in the cache and will be fetched from the remote registry
➤ YN0013: │ react@npm:19.2.6 can't be found in the cache and will be fetched from the remote registry
➤ YN0013: │ regex-parser@npm:2.3.1 can't be found in the cache and will be fetched from the remote registry
➤ YN0013: │ react-router@npm:6.30.4 can't be found in the cache and will be fetched from the remote registry
➤ YN0013: │ react@npm:19.2.3 can't be found in the cache and will be fetched from the remote registry
➤ YN0013: │ react@npm:19.2.6 can't be found in the cache and will be fetched from the remote registry
➤ YN0013: │ regex-parser@npm:2.3.1 can't be found in the cache and will be fetched from the remote registry
➤ YN0013: │ resolve-url-loader@npm:5.0.0 can't be found in the cache and will be fetched from the remote registry
➤ YN0013: │ react@npm:19.2.3 can't be found in the cache and will be fetched from the remote registry
➤ YN0013: │ react@npm:19.2.6 can't be found in the cache and will be fetched from the remote registry
➤ YN0013: │ regex-parser@npm:2.3.1 can't be found in the cache and will be fetched from the remote registry
➤ YN0013: │ resolve-url-loader@npm:5.0.0 can't be found in the cache and will be fetched from the remote registry
➤ YN0013: │ rollup@npm:4.53.4 can't be found in the cache and will be fetched from the remote registry
➤ YN0013: │ react@npm:19.2.6 can't be found in the cache and will be fetched from the remote registry
➤ YN0013: │ regex-parser@npm:2.3.1 can't be found in the cache and will be fetched from the remote registry
➤ YN0013: │ resolve-url-loader@npm:5.0.0 can't be found in the cache and will be fetched from the remote registry
➤ YN0013: │ rollup@npm:4.53.4 can't be found in the cache and will be fetched from the remote registry
➤ YN0013: │ sass-loader@npm:13.3.3 can't be found in the cache and will be fetched from the remote registry
➤ YN0013: │ regex-parser@npm:2.3.1 can't be found in the cache and will be fetched from the remote registry
➤ YN0013: │ resolve-url-loader@npm:5.0.0 can't be found in the cache and will be fetched from the remote registry
➤ YN0013: │ rollup@npm:4.53.4 can't be found in the cache and will be fetched from the remote registry
➤ YN0013: │ sass-loader@npm:13.3.3 can't be found in the cache and will be fetched from the remote registry
➤ YN0013: │ scheduler@npm:0.27.0 can't be found in the cache and will be fetched from the remote registry
➤ YN0013: │ resolve-url-loader@npm:5.0.0 can't be found in the cache and will be fetched from the remote registry
➤ YN0013: │ rollup@npm:4.53.4 can't be found in the cache and will be fetched from the remote registry
➤ YN0013: │ sass-loader@npm:13.3.3 can't be found in the cache and will be fetched from the remote registry
➤ YN0013: │ scheduler@npm:0.27.0 can't be found in the cache and will be fetched from the remote registry
➤ YN0013: │ std-env@npm:3.10.0 can't be found in the cache and will be fetched from the remote registry
➤ YN0013: │ rollup@npm:4.53.4 can't be found in the cache and will be fetched from the remote registry
➤ YN0013: │ sass-loader@npm:13.3.3 can't be found in the cache and will be fetched from the remote registry
➤ YN0013: │ scheduler@npm:0.27.0 can't be found in the cache and will be fetched from the remote registry
➤ YN0013: │ std-env@npm:3.10.0 can't be found in the cache and will be fetched from the remote registry
➤ YN0013: │ store2@npm:2.14.4 can't be found in the cache and will be fetched from the remote registry
➤ YN0013: │ sass-loader@npm:13.3.3 can't be found in the cache and will be fetched from the remote registry
➤ YN0013: │ scheduler@npm:0.27.0 can't be found in the cache and will be fetched from the remote registry
➤ YN0013: │ std-env@npm:3.10.0 can't be found in the cache and will be fetched from the remote registry
➤ YN0013: │ store2@npm:2.14.4 can't be found in the cache and will be fetched from the remote registry
➤ YN0013: │ storybook@npm:8.6.14 can't be found in the cache and will be fetched from the remote registry
➤ YN0013: │ scheduler@npm:0.27.0 can't be found in the cache and will be fetched from the remote registry
➤ YN0013: │ std-env@npm:3.10.0 can't be found in the cache and will be fetched from the remote registry
➤ YN0013: │ store2@npm:2.14.4 can't be found in the cache and will be fetched from the remote registry
➤ YN0013: │ storybook@npm:8.6.14 can't be found in the cache and will be fetched from the remote registry
➤ YN0013: │ strip-literal@npm:3.1.0 can't be found in the cache and will be fetched from the remote registry
➤ YN0013: │ std-env@npm:3.10.0 can't be found in the cache and will be fetched from the remote registry
➤ YN0013: │ store2@npm:2.14.4 can't be found in the cache and will be fetched from the remote registry
➤ YN0013: │ storybook@npm:8.6.14 can't be found in the cache and will be fetched from the remote registry
➤ YN0013: │ strip-literal@npm:3.1.0 can't be found in the cache and will be fetched from the remote registry
➤ YN0013: │ style-loader@npm:3.3.4 can't be found in the cache and will be fetched from the remote registry
➤ YN0013: │ store2@npm:2.14.4 can't be found in the cache and will be fetched from the remote registry
➤ YN0013: │ storybook@npm:8.6.14 can't be found in the cache and will be fetched from the remote registry
➤ YN0013: │ strip-literal@npm:3.1.0 can't be found in the cache and will be fetched from the remote registry
➤ YN0013: │ style-loader@npm:3.3.4 can't be found in the cache and will be fetched from the remote registry
➤ YN0013: │ svgo@npm:3.3.2 can't be found in the cache and will be fetched from the remote registry
➤ YN0013: │ storybook@npm:8.6.14 can't be found in the cache and will be fetched from the remote registry
➤ YN0013: │ strip-literal@npm:3.1.0 can't be found in the cache and will be fetched from the remote registry
➤ YN0013: │ style-loader@npm:3.3.4 can't be found in the cache and will be fetched from the remote registry
➤ YN0013: │ svgo@npm:3.3.2 can't be found in the cache and will be fetched from the remote registry
➤ YN0013: │ synchronous-promise@npm:2.0.17 can't be found in the cache and will be fetched from the remote registry
➤ YN0013: │ strip-literal@npm:3.1.0 can't be found in the cache and will be fetched from the remote registry
➤ YN0013: │ style-loader@npm:3.3.4 can't be found in the cache and will be fetched from the remote registry
➤ YN0013: │ svgo@npm:3.3.2 can't be found in the cache and will be fetched from the remote registry
➤ YN0013: │ synchronous-promise@npm:2.0.17 can't be found in the cache and will be fetched from the remote registry
➤ YN0013: │ telejson@npm:7.2.0 can't be found in the cache and will be fetched from the remote registry
➤ YN0013: │ style-loader@npm:3.3.4 can't be found in the cache and will be fetched from the remote registry
➤ YN0013: │ svgo@npm:3.3.2 can't be found in the cache and will be fetched from the remote registry
➤ YN0013: │ synchronous-promise@npm:2.0.17 can't be found in the cache and will be fetched from the remote registry
➤ YN0013: │ telejson@npm:7.2.0 can't be found in the cache and will be fetched from the remote registry
➤ YN0013: │ tinypool@npm:1.1.1 can't be found in the cache and will be fetched from the remote registry
➤ YN0013: │ svgo@npm:3.3.2 can't be found in the cache and will be fetched from the remote registry
➤ YN0013: │ synchronous-promise@npm:2.0.17 can't be found in the cache and will be fetched from the remote registry
➤ YN0013: │ telejson@npm:7.2.0 can't be found in the cache and will be fetched from the remote registry
➤ YN0013: │ tinypool@npm:1.1.1 can't be found in the cache and will be fetched from the remote registry
➤ YN0013: │ tinyrainbow@npm:1.2.0 can't be found in the cache and will be fetched from the remote registry
➤ YN0013: │ synchronous-promise@npm:2.0.17 can't be found in the cache and will be fetched from the remote registry
➤ YN0013: │ telejson@npm:7.2.0 can't be found in the cache and will be fetched from the remote registry
➤ YN0013: │ tinypool@npm:1.1.1 can't be found in the cache and will be fetched from the remote registry
➤ YN0013: │ tinyrainbow@npm:1.2.0 can't be found in the cache and will be fetched from the remote registry
➤ YN0013: │ tinyspy@npm:3.0.2 can't be found in the cache and will be fetched from the remote registry
➤ YN0013: │ telejson@npm:7.2.0 can't be found in the cache and will be fetched from the remote registry
➤ YN0013: │ tinypool@npm:1.1.1 can't be found in the cache and will be fetched from the remote registry
➤ YN0013: │ tinyrainbow@npm:1.2.0 can't be found in the cache and will be fetched from the remote registry
➤ YN0013: │ tinyspy@npm:3.0.2 can't be found in the cache and will be fetched from the remote registry
➤ YN0013: │ ts-api-utils@npm:2.1.0 can't be found in the cache and will be fetched from the remote registry
➤ YN0013: │ tinypool@npm:1.1.1 can't be found in the cache and will be fetched from the remote registry
➤ YN0013: │ tinyrainbow@npm:1.2.0 can't be found in the cache and will be fetched from the remote registry
➤ YN0013: │ tinyspy@npm:3.0.2 can't be found in the cache and will be fetched from the remote registry
➤ YN0013: │ ts-api-utils@npm:2.1.0 can't be found in the cache and will be fetched from the remote registry
➤ YN0013: │ type-fest@npm:2.19.0 can't be found in the cache and will be fetched from the remote registry
➤ YN0013: │ tinyrainbow@npm:1.2.0 can't be found in the cache and will be fetched from the remote registry
➤ YN0013: │ tinyspy@npm:3.0.2 can't be found in the cache and will be fetched from the remote registry
➤ YN0013: │ ts-api-utils@npm:2.1.0 can't be found in the cache and will be fetched from the remote registry
➤ YN0013: │ type-fest@npm:2.19.0 can't be found in the cache and will be fetched from the remote registry
➤ YN0013: │ undici-types@npm:5.26.5 can't be found in the cache and will be fetched from the remote registry
➤ YN0013: │ tinyspy@npm:3.0.2 can't be found in the cache and will be fetched from the remote registry
➤ YN0013: │ ts-api-utils@npm:2.1.0 can't be found in the cache and will be fetched from the remote registry
➤ YN0013: │ type-fest@npm:2.19.0 can't be found in the cache and will be fetched from the remote registry
➤ YN0013: │ undici-types@npm:5.26.5 can't be found in the cache and will be fetched from the remote registry
➤ YN0013: │ unplugin@npm:1.16.1 can't be found in the cache and will be fetched from the remote registry
➤ YN0013: │ ts-api-utils@npm:2.1.0 can't be found in the cache and will be fetched from the remote registry
➤ YN0013: │ type-fest@npm:2.19.0 can't be found in the cache and will be fetched from the remote registry
➤ YN0013: │ undici-types@npm:5.26.5 can't be found in the cache and will be fetched from the remote registry
➤ YN0013: │ unplugin@npm:1.16.1 can't be found in the cache and will be fetched from the remote registry
➤ YN0013: │ use-resize-observer@npm:9.1.0 can't be found in the cache and will be fetched from the remote registry
➤ YN0013: │ type-fest@npm:2.19.0 can't be found in the cache and will be fetched from the remote registry
➤ YN0013: │ undici-types@npm:5.26.5 can't be found in the cache and will be fetched from the remote registry
➤ YN0013: │ unplugin@npm:1.16.1 can't be found in the cache and will be fetched from the remote registry
➤ YN0013: │ use-resize-observer@npm:9.1.0 can't be found in the cache and will be fetched from the remote registry
➤ YN0013: │ util@npm:0.12.5 can't be found in the cache and will be fetched from the remote registry
➤ YN0013: │ undici-types@npm:5.26.5 can't be found in the cache and will be fetched from the remote registry
➤ YN0013: │ unplugin@npm:1.16.1 can't be found in the cache and will be fetched from the remote registry
➤ YN0013: │ use-resize-observer@npm:9.1.0 can't be found in the cache and will be fetched from the remote registry
➤ YN0013: │ util@npm:0.12.5 can't be found in the cache and will be fetched from the remote registry
➤ YN0013: │ vite-node@npm:3.2.4 can't be found in the cache and will be fetched from the remote registry
➤ YN0013: │ unplugin@npm:1.16.1 can't be found in the cache and will be fetched from the remote registry
➤ YN0013: │ use-resize-observer@npm:9.1.0 can't be found in the cache and will be fetched from the remote registry
➤ YN0013: │ util@npm:0.12.5 can't be found in the cache and will be fetched from the remote registry
➤ YN0013: │ vite-node@npm:3.2.4 can't be found in the cache and will be fetched from the remote registry
➤ YN0013: │ vite-plugin-inspect@npm:0.8.9 can't be found in the cache and will be fetched from the remote registry
➤ YN0013: │ use-resize-observer@npm:9.1.0 can't be found in the cache and will be fetched from the remote registry
➤ YN0013: │ util@npm:0.12.5 can't be found in the cache and will be fetched from the remote registry
➤ YN0013: │ vite-node@npm:3.2.4 can't be found in the cache and will be fetched from the remote registry
➤ YN0013: │ vite-plugin-inspect@npm:0.8.9 can't be found in the cache and will be fetched from the remote registry
➤ YN0013: │ vite-plugin-turbosnap@npm:1.0.3 can't be found in the cache and will be fetched from the remote registry
➤ YN0013: │ util@npm:0.12.5 can't be found in the cache and will be fetched from the remote registry
➤ YN0013: │ vite-node@npm:3.2.4 can't be found in the cache and will be fetched from the remote registry
➤ YN0013: │ vite-plugin-inspect@npm:0.8.9 can't be found in the cache and will be fetched from the remote registry
➤ YN0013: │ vite-plugin-turbosnap@npm:1.0.3 can't be found in the cache and will be fetched from the remote registry
➤ YN0013: │ vite@npm:5.4.21 can't be found in the cache and will be fetched from the remote registry
➤ YN0013: │ vite-node@npm:3.2.4 can't be found in the cache and will be fetched from the remote registry
➤ YN0013: │ vite-plugin-inspect@npm:0.8.9 can't be found in the cache and will be fetched from the remote registry
➤ YN0013: │ vite-plugin-turbosnap@npm:1.0.3 can't be found in the cache and will be fetched from the remote registry
➤ YN0013: │ vite@npm:5.4.21 can't be found in the cache and will be fetched from the remote registry
➤ YN0013: │ vite@npm:7.3.0 can't be found in the cache and will be fetched from the remote registry
➤ YN0013: │ vite-plugin-inspect@npm:0.8.9 can't be found in the cache and will be fetched from the remote registry
➤ YN0013: │ vite-plugin-turbosnap@npm:1.0.3 can't be found in the cache and will be fetched from the remote registry
➤ YN0013: │ vite@npm:5.4.21 can't be found in the cache and will be fetched from the remote registry
➤ YN0013: │ vite@npm:7.3.0 can't be found in the cache and will be fetched from the remote registry
➤ YN0013: │ vitest@npm:3.2.4 can't be found in the cache and will be fetched from the remote registry
➤ YN0013: │ vite-plugin-turbosnap@npm:1.0.3 can't be found in the cache and will be fetched from the remote registry
➤ YN0013: │ vite@npm:5.4.21 can't be found in the cache and will be fetched from the remote registry
➤ YN0013: │ vite@npm:7.3.0 can't be found in the cache and will be fetched from the remote registry
➤ YN0013: │ vitest@npm:3.2.4 can't be found in the cache and will be fetched from the remote registry
➤ YN0013: │ web-streams-polyfill@npm:3.3.3 can't be found in the cache and will be fetched from the remote registry
➤ YN0000: └ Completed in 6s 157ms
➤ YN0000: ┌ Link step
➤ YN0007: │ @medusajs/telemetry@workspace:packages/medusa-telemetry must be built because it never has been before or the last one failed
➤ YN0007: │ esbuild@npm:0.25.12 must be built because it never has been before or the last one failed
➤ YN0007: │ @swc/core@npm:1.15.5 [36a01] must be built because it never has been before or the last one failed
➤ YN0007: │ msw@npm:2.12.4 [36a01] must be built because it never has been before or the last one failed
➤ YN0007: │ @swc/core@npm:1.5.7 [7c97c] must be built because it never has been before or the last one failed
➤ YN0007: │ core-js@npm:3.47.0 must be built because it never has been before or the last one failed
➤ YN0007: │ msgpackr-extract@npm:3.0.3 must be built because it never has been before or the last one failed
➤ YN0007: │ protobufjs@npm:7.6.5 must be built because it never has been before or the last one failed
➤ YN0000: │ @medusajs/telemetry@workspace:packages/medusa-telemetry STDERR node:internal/modules/cjs/loader:1433
➤ YN0000: │ @medusajs/telemetry@workspace:packages/medusa-telemetry STDERR   throw err;
➤ YN0000: │ @medusajs/telemetry@workspace:packages/medusa-telemetry STDERR   ^
➤ YN0000: │ @medusajs/telemetry@workspace:packages/medusa-telemetry STDERR 
➤ YN0000: │ @medusajs/telemetry@workspace:packages/medusa-telemetry STDERR Error: Cannot find module '/workspace/.medusa-baseline/mit-source/packages/medusa-telemetry/dist/postinstall.js'
➤ YN0000: │ @medusajs/telemetry@workspace:packages/medusa-telemetry STDERR     at Function._resolveFilename (node:internal/modules/cjs/loader:1430:15)
➤ YN0000: │ @medusajs/telemetry@workspace:packages/medusa-telemetry STDERR     at defaultResolveImpl (node:internal/modules/cjs/loader:1040:19)
➤ YN0000: │ @medusajs/telemetry@workspace:packages/medusa-telemetry STDERR     at resolveForCJSWithHooks (node:internal/modules/cjs/loader:1045:22)
➤ YN0000: │ @medusajs/telemetry@workspace:packages/medusa-telemetry STDERR     at Function._load (node:internal/modules/cjs/loader:1216:25)
➤ YN0000: │ @medusajs/telemetry@workspace:packages/medusa-telemetry STDERR     at wrapModuleLoad (node:internal/modules/cjs/loader:254:19)
➤ YN0000: │ @medusajs/telemetry@workspace:packages/medusa-telemetry STDERR     at Function.executeUserEntryPoint [as runMain] (node:internal/modules/run_main:171:5)
➤ YN0000: │ @medusajs/telemetry@workspace:packages/medusa-telemetry STDERR     at node:internal/main/run_main_module:36:49 {
➤ YN0000: │ @medusajs/telemetry@workspace:packages/medusa-telemetry STDERR   code: 'MODULE_NOT_FOUND',
➤ YN0000: │ @medusajs/telemetry@workspace:packages/medusa-telemetry STDERR   requireStack: []
➤ YN0000: │ @medusajs/telemetry@workspace:packages/medusa-telemetry STDERR }
➤ YN0000: │ @medusajs/telemetry@workspace:packages/medusa-telemetry STDERR 
➤ YN0000: │ @medusajs/telemetry@workspace:packages/medusa-telemetry STDERR Node.js v22.23.3
➤ YN0000: │ core-js@npm:3.47.0 STDOUT Thank you for using core-js ( https://github.com/zloirock/core-js ) for polyfilling JavaScript standard library!
➤ YN0000: │ core-js@npm:3.47.0 STDOUT 
➤ YN0000: │ core-js@npm:3.47.0 STDOUT The project needs your help! Please consider supporting core-js:
➤ YN0000: │ core-js@npm:3.47.0 STDOUT > https://opencollective.com/core-js 
➤ YN0000: │ core-js@npm:3.47.0 STDOUT > https://patreon.com/zloirock 
➤ YN0000: │ core-js@npm:3.47.0 STDOUT > https://boosty.to/zloirock 
➤ YN0000: │ core-js@npm:3.47.0 STDOUT > bitcoin: bc1qlea7544qtsmj2rayg0lthvza9fau63ux0fstcz 
➤ YN0000: │ core-js@npm:3.47.0 STDOUT 
➤ YN0000: │ core-js@npm:3.47.0 STDOUT I highly recommend reading this: https://github.com/zloirock/core-js/blob/master/docs/2023-02-14-so-whats-next.md 
➤ YN0000: │ core-js@npm:3.47.0 STDOUT 
➤ YN0000: └ Completed in 11s 912ms
➤ YN0000: Done with warnings in 18s 843ms
